Action,Campaign,Ad Group,Keyword,Match Type,Reason
Review,DST - Bulk/Party,Birthday Event,marriage function catering,BROAD,Duplicate across ad groups — internal auction competition — needs manual ad group assignment
Review,DST - Bulk/Party,Anniversary Event,marriage function catering,PHRASE,Duplicate across ad groups — internal auction competition — needs manual ad group assignment
Review,DST - Bulk/Party,Home Party,marriage function catering,BROAD,Duplicate across ad groups — internal auction competition — needs manual ad group assignment
Review,DST - Bulk/Party,Birthday Event,small party caterers in chennai,BROAD,Duplicate across ad groups — internal auction competition — needs manual ad group assignment
Review,DST - Bulk/Party,Anniversary Event,small party caterers in chennai,BROAD,Duplicate across ad groups — internal auction competition — needs manual ad group assignment
Review,DST - Bulk/Party,Baby Shower,small party caterers in chennai,BROAD,Duplicate across ad groups — internal auction competition — needs manual ad group assignment
Review,DST - Bulk/Party,Birthday Event,home catering delivery,BROAD,Duplicate across ad groups — internal auction competition — needs manual ad group assignment
Review,DST - Bulk/Party,Anniversary Event,home catering delivery,BROAD,Duplicate across ad groups — internal auction competition — needs manual ad group assignment
Review,DST - Bulk/Party,Baby Shower,home catering delivery,BROAD,Duplicate across ad groups — internal auction competition — needs manual ad group assignment
Review,DST - Bulk/Party,Birthday Event,best caterers in Bangalore,BROAD,Duplicate across ad groups — internal auction competition — needs manual ad group assignment
Review,DST - Bulk/Party,Anniversary Event,best caterers in Bangalore,PHRASE,Duplicate across ad groups — internal auction competition — needs manual ad group assignment
Review,DST - Bulk/Party,Home Party,best caterers in Bangalore,BROAD,Duplicate across ad groups — internal auction competition — needs manual ad group assignment
Review,DST - Bulk/Party,Birthday Event,party food order near me,EXACT,Duplicate across ad groups — internal auction competition — needs manual ad group assignment
Review,DST - Bulk/Party,Anniversary Event,party food order near me,PHRASE,Duplicate across ad groups — internal auction competition — needs manual ad group assignment
Review,DST - Bulk/Party,Birthday Event,best caterers in Hyderabad,BROAD,Duplicate across ad groups — internal auction competition — needs manual ad group assignment
Review,DST - Bulk/Party,Anniversary Event,best caterers in Hyderabad,PHRASE,Duplicate across ad groups — internal auction competition — needs manual ad group assignment
Review,DST - Bulk/Party,Home Party,best caterers in Hyderabad,BROAD,Duplicate across ad groups — internal auction competition — needs manual ad group assignment
Review,DST - Bulk/Party,Birthday Event,corporate catering Bangalore,BROAD,Duplicate across ad groups — internal auction competition — needs manual ad group assignment
Review,DST - Bulk/Party,Anniversary Event,corporate catering Bangalore,PHRASE,Duplicate across ad groups — internal auction competition — needs manual ad group assignment
Review,DST - Bulk/Party,Home Party,corporate catering Bangalore,BROAD,Duplicate across ad groups — internal auction competition — needs manual ad group assignment
Review,DST - Bulk/Party,Birthday Event,wedding catering Bangalore,BROAD,Duplicate across ad groups — internal auction competition — needs manual ad group assignment
Review,DST - Bulk/Party,Anniversary Event,wedding catering Bangalore,PHRASE,Duplicate across ad groups — internal auction competition — needs manual ad group assignment
Review,DST - Bulk/Party,Home Party,wedding catering Bangalore,BROAD,Duplicate across ad groups — internal auction competition — needs manual ad group assignment
Review,DST - Bulk/Party,Birthday Event,catering services Hyderabad,BROAD,Duplicate across ad groups — internal auction competition — needs manual ad group assignment
Review,DST - Bulk/Party,Anniversary Event,catering services Hyderabad,PHRASE,Duplicate across ad groups — internal auction competition — needs manual ad group assignment
Review,DST - Bulk/Party,Home Party,catering services Hyderabad,BROAD,Duplicate across ad groups — internal auction competition — needs manual ad group assignment
Review,DST - Bulk/Party,Birthday Event,griha pravesh catering,BROAD,Duplicate across ad groups — internal auction competition — needs manual ad group assignment
Review,DST - Bulk/Party,Anniversary Event,griha pravesh catering,PHRASE,Duplicate across ad groups — internal auction competition — needs manual ad group assignment
Review,DST - Bulk/Party,Home Party,griha pravesh catering,BROAD,Duplicate across ad groups — internal auction competition — needs manual ad group assignment
Review,DST - Bulk/Party,Birthday Event,best wedding caterers Hyderabad,BROAD,Duplicate across ad groups — internal auction competition — needs manual ad group assignment
Review,DST - Bulk/Party,Anniversary Event,best wedding caterers Hyderabad,PHRASE,Duplicate across ad groups — internal auction competition — needs manual ad group assignment
Review,DST - Bulk/Party,Home Party,best wedding caterers Hyderabad,BROAD,Duplicate across ad groups — internal auction competition — needs manual ad group assignment
Review,DST - Bulk/Party,Birthday Event,corporate catering Hyderabad,BROAD,Duplicate across ad groups — internal auction competition — needs manual ad group assignment
Review,DST - Bulk/Party,Anniversary Event,corporate catering Hyderabad,PHRASE,Duplicate across ad groups — internal auction competition — needs manual ad group assignment
Review,DST - Bulk/Party,Home Party,corporate catering Hyderabad,BROAD,Duplicate across ad groups — internal auction competition — needs manual ad group assignment
Review,DST - Bulk/Party,Birthday Event,affordable catering Bangalore,BROAD,Duplicate across ad groups — internal auction competition — needs manual ad group assignment
Review,DST - Bulk/Party,Anniversary Event,affordable catering Bangalore,PHRASE,Duplicate across ad groups — internal auction competition — needs manual ad group assignment
Review,DST - Bulk/Party,Home Party,affordable catering Bangalore,BROAD,Duplicate across ad groups — internal auction competition — needs manual ad group assignment
Review,DST - Bulk/Party,Birthday Event,function catering Bangalore,BROAD,Duplicate across ad groups — internal auction competition — needs manual ad group assignment
Review,DST - Bulk/Party,Anniversary Event,function catering Bangalore,PHRASE,Duplicate across ad groups — internal auction competition — needs manual ad group assignment
Review,DST - Bulk/Party,Home Party,function catering Bangalore,BROAD,Duplicate across ad groups — internal auction competition — needs manual ad group assignment
Review,DST - Bulk/Party,Birthday Event,housewarming catering Bangalore,BROAD,Duplicate across ad groups — internal auction competition — needs manual ad group assignment
Review,DST - Bulk/Party,Anniversary Event,housewarming catering Bangalore,PHRASE,Duplicate across ad groups — internal auction competition — needs manual ad group assignment
Review,DST - Bulk/Party,Home Party,housewarming catering Bangalore,BROAD,Duplicate across ad groups — internal auction competition — needs manual ad group assignment
Review,DST - Bulk/Party,Birthday Event,office party catering Bangalore,BROAD,Duplicate across ad groups — internal auction competition — needs manual ad group assignment
Review,DST - Bulk/Party,Anniversary Event,office party catering Bangalore,PHRASE,Duplicate across ad groups — internal auction competition — needs manual ad group assignment
Review,DST - Bulk/Party,Home Party,office party catering Bangalore,BROAD,Duplicate across ad groups — internal auction competition — needs manual ad group assignment
Review,DST - Bulk/Party,Birthday Event,catering near me Bangalore,BROAD,Duplicate across ad groups — internal auction competition — needs manual ad group assignment
Review,DST - Bulk/Party,Anniversary Event,catering near me Bangalore,PHRASE,Duplicate across ad groups — internal auction competition — needs manual ad group assignment
Review,DST - Bulk/Party,Home Party,catering near me Bangalore,BROAD,Duplicate across ad groups — internal auction competition — needs manual ad group assignment
Review,DST - Bulk/Party,Birthday Event,birthday party catering Hyderabad,BROAD,Duplicate across ad groups — internal auction competition — needs manual ad group assignment
Review,DST - Bulk/Party,Anniversary Event,birthday party catering Hyderabad,PHRASE,Duplicate across ad groups — internal auction competition — needs manual ad group assignment
Review,DST - Bulk/Party,Home Party,birthday party catering Hyderabad,BROAD,Duplicate across ad groups — internal auction competition — needs manual ad group assignment
Review,DST - Bulk/Party,Birthday Event,catering for birthday party Bangalore,BROAD,Duplicate across ad groups — internal auction competition — needs manual ad group assignment
Review,DST - Bulk/Party,Anniversary Event,catering for birthday party Bangalore,PHRASE,Duplicate across ad groups — internal auction competition — needs manual ad group assignment
Review,DST - Bulk/Party,Home Party,catering for birthday party Bangalore,BROAD,Duplicate across ad groups — internal auction competition — needs manual ad group assignment
Review,DST - Bulk/Party,Birthday Event,office lunch catering Bangalore,BROAD,Duplicate across ad groups — internal auction competition — needs manual ad group assignment
Review,DST - Bulk/Party,Anniversary Event,office lunch catering Bangalore,PHRASE,Duplicate across ad groups — internal auction competition — needs manual ad group assignment
Review,DST - Bulk/Party,Home Party,office lunch catering Bangalore,BROAD,Duplicate across ad groups — internal auction competition — needs manual ad group assignment
Review,DST - Bulk/Party,Birthday Event,wedding catering Hyderabad,BROAD,Duplicate across ad groups — internal auction competition — needs manual ad group assignment
Review,DST - Bulk/Party,Anniversary Event,wedding catering Hyderabad,PHRASE,Duplicate across ad groups — internal auction competition — needs manual ad group assignment
Review,DST - Bulk/Party,Home Party,wedding catering Hyderabad,BROAD,Duplicate across ad groups — internal auction competition — needs manual ad group assignment
Review,DST - Bulk/Party,Birthday Event,home catering services Hyderabad,BROAD,Duplicate across ad groups — internal auction competition — needs manual ad group assignment
Review,DST - Bulk/Party,Anniversary Event,home catering services Hyderabad,PHRASE,Duplicate across ad groups — internal auction competition — needs manual ad group assignment
Review,DST - Bulk/Party,Home Party,home catering services Hyderabad,BROAD,Duplicate across ad groups — internal auction competition — needs manual ad group assignment
Review,DST - Bulk/Party,Birthday Event,affordable catering Hyderabad,BROAD,Duplicate across ad groups — internal auction competition — needs manual ad group assignment
Review,DST - Bulk/Party,Anniversary Event,affordable catering Hyderabad,PHRASE,Duplicate across ad groups — internal auction competition — needs manual ad group assignment
Review,DST - Bulk/Party,Home Party,affordable catering Hyderabad,BROAD,Duplicate across ad groups — internal auction competition — needs manual ad group assignment
Review,DST - Bulk/Party,Birthday Event,catering for birthday party Hyderabad,BROAD,Duplicate across ad groups — internal auction competition — needs manual ad group assignment
Review,DST - Bulk/Party,Anniversary Event,catering for birthday party Hyderabad,PHRASE,Duplicate across ad groups — internal auction competition — needs manual ad group assignment
Review,DST - Bulk/Party,Home Party,catering for birthday party Hyderabad,BROAD,Duplicate across ad groups — internal auction competition — needs manual ad group assignment
Review,DST - Bulk/Party,Birthday Event,housewarming catering Chennai,BROAD,Duplicate across ad groups — internal auction competition — needs manual ad group assignment
Review,DST - Bulk/Party,Anniversary Event,housewarming catering Chennai,PHRASE,Duplicate across ad groups — internal auction competition — needs manual ad group assignment
Review,DST - Bulk/Party,Home Party,housewarming catering Chennai,BROAD,Duplicate across ad groups — internal auction competition — needs manual ad group assignment
Review,DST - Bulk/Party,Birthday Event,best wedding caterers Bangalore,BROAD,Duplicate across ad groups — internal auction competition — needs manual ad group assignment
Review,DST - Bulk/Party,Anniversary Event,best wedding caterers Bangalore,PHRASE,Duplicate across ad groups — internal auction competition — needs manual ad group assignment
Review,DST - Bulk/Party,Home Party,best wedding caterers Bangalore,BROAD,Duplicate across ad groups — internal auction competition — needs manual ad group assignment
Review,DST - Bulk/Party,Birthday Event,wedding and catering services Bangalore,BROAD,Duplicate across ad groups — internal auction competition — needs manual ad group assignment
Review,DST - Bulk/Party,Anniversary Event,wedding and catering services Bangalore,PHRASE,Duplicate across ad groups — internal auction competition — needs manual ad group assignment
Review,DST - Bulk/Party,Home Party,wedding and catering services Bangalore,BROAD,Duplicate across ad groups — internal auction competition — needs manual ad group assignment
Review,DST - Bulk/Party,Birthday Event,birthday catering near me Bangalore,BROAD,Duplicate across ad groups — internal auction competition — needs manual ad group assignment
Review,DST - Bulk/Party,Anniversary Event,birthday catering near me Bangalore,PHRASE,Duplicate across ad groups — internal auction competition — needs manual ad group assignment
Review,DST - Bulk/Party,Home Party,birthday catering near me Bangalore,BROAD,Duplicate across ad groups — internal auction competition — needs manual ad group assignment
Review,DST - Bulk/Party,Birthday Event,food for birthday party Bangalore,BROAD,Duplicate across ad groups — internal auction competition — needs manual ad group assignment
Review,DST - Bulk/Party,Anniversary Event,food for birthday party Bangalore,PHRASE,Duplicate across ad groups — internal auction competition — needs manual ad group assignment
Review,DST - Bulk/Party,Home Party,food for birthday party Bangalore,BROAD,Duplicate across ad groups — internal auction competition — needs manual ad group assignment
Review,DST - Bulk/Party,Birthday Event,birthday party food order Bangalore,BROAD,Duplicate across ad groups — internal auction competition — needs manual ad group assignment
Review,DST - Bulk/Party,Anniversary Event,birthday party food order Bangalore,PHRASE,Duplicate across ad groups — internal auction competition — needs manual ad group assignment
Review,DST - Bulk/Party,Home Party,birthday party food order Bangalore,BROAD,Duplicate across ad groups — internal auction competition — needs manual ad group assignment
Review,DST - Bulk/Party,Birthday Event,birthday catering home delivery Bangalore,BROAD,Duplicate across ad groups — internal auction competition — needs manual ad group assignment
Review,DST - Bulk/Party,Anniversary Event,birthday catering home delivery Bangalore,PHRASE,Duplicate across ad groups — internal auction competition — needs manual ad group assignment
Review,DST - Bulk/Party,Home Party,birthday catering home delivery Bangalore,BROAD,Duplicate across ad groups — internal auction competition — needs manual ad group assignment
Review,DST - Bulk/Party,Birthday Event,birthday party catering services Bangalore,BROAD,Duplicate across ad groups — internal auction competition — needs manual ad group assignment
Review,DST - Bulk/Party,Anniversary Event,birthday party catering services Bangalore,PHRASE,Duplicate across ad groups — internal auction competition — needs manual ad group assignment
Review,DST - Bulk/Party,Home Party,birthday party catering services Bangalore,BROAD,Duplicate across ad groups — internal auction competition — needs manual ad group assignment
Review,DST - Bulk/Party,Birthday Event,corporate party food Bangalore,BROAD,Duplicate across ad groups — internal auction competition — needs manual ad group assignment
Review,DST - Bulk/Party,Anniversary Event,corporate party food Bangalore,PHRASE,Duplicate across ad groups — internal auction competition — needs manual ad group assignment
Review,DST - Bulk/Party,Home Party,corporate party food Bangalore,BROAD,Duplicate across ad groups — internal auction competition — needs manual ad group assignment
Review,DST - Bulk/Party,Birthday Event,snacks for office event Bangalore,BROAD,Duplicate across ad groups — internal auction competition — needs manual ad group assignment
Review,DST - Bulk/Party,Anniversary Event,snacks for office event Bangalore,PHRASE,Duplicate across ad groups — internal auction competition — needs manual ad group assignment
Review,DST - Bulk/Party,Home Party,snacks for office event Bangalore,BROAD,Duplicate across ad groups — internal auction competition — needs manual ad group assignment
Review,DST - Bulk/Party,Birthday Event,office food order Bangalore,BROAD,Duplicate across ad groups — internal auction competition — needs manual ad group assignment
Review,DST - Bulk/Party,Anniversary Event,office food order Bangalore,PHRASE,Duplicate across ad groups — internal auction competition — needs manual ad group assignment
Review,DST - Bulk/Party,Home Party,office food order Bangalore,BROAD,Duplicate across ad groups — internal auction competition — needs manual ad group assignment
Review,DST - Bulk/Party,Birthday Event,office event catering Bangalore,BROAD,Duplicate across ad groups — internal auction competition — needs manual ad group assignment
Review,DST - Bulk/Party,Anniversary Event,office event catering Bangalore,PHRASE,Duplicate across ad groups — internal auction competition — needs manual ad group assignment
Review,DST - Bulk/Party,Home Party,office event catering Bangalore,BROAD,Duplicate across ad groups — internal auction competition — needs manual ad group assignment
Review,DST - Bulk/Party,Birthday Event,birthday lunch catering Bangalore,BROAD,Duplicate across ad groups — internal auction competition — needs manual ad group assignment
Review,DST - Bulk/Party,Anniversary Event,birthday lunch catering Bangalore,PHRASE,Duplicate across ad groups — internal auction competition — needs manual ad group assignment
Review,DST - Bulk/Party,Home Party,birthday lunch catering Bangalore,BROAD,Duplicate across ad groups — internal auction competition — needs manual ad group assignment
Review,DST - Bulk/Party,Birthday Event,griha pravesh catering Bangalore,BROAD,Duplicate across ad groups — internal auction competition — needs manual ad group assignment
Review,DST - Bulk/Party,Anniversary Event,griha pravesh catering Bangalore,PHRASE,Duplicate across ad groups — internal auction competition — needs manual ad group assignment
Review,DST - Bulk/Party,Home Party,griha pravesh catering Bangalore,BROAD,Duplicate across ad groups — internal auction competition — needs manual ad group assignment
Review,DST - Bulk/Party,Birthday Event,housewarming party catering Bangalore,BROAD,Duplicate across ad groups — internal auction competition — needs manual ad group assignment
Review,DST - Bulk/Party,Anniversary Event,housewarming party catering Bangalore,PHRASE,Duplicate across ad groups — internal auction competition — needs manual ad group assignment
Review,DST - Bulk/Party,Home Party,housewarming party catering Bangalore,BROAD,Duplicate across ad groups — internal auction competition — needs manual ad group assignment
Review,DST - Bulk/Party,Birthday Event,new home celebration food Bangalore,BROAD,Duplicate across ad groups — internal auction competition — needs manual ad group assignment
Review,DST - Bulk/Party,Anniversary Event,new home celebration food Bangalore,PHRASE,Duplicate across ad groups — internal auction competition — needs manual ad group assignment
Review,DST - Bulk/Party,Home Party,new home celebration food Bangalore,BROAD,Duplicate across ad groups — internal auction competition — needs manual ad group assignment
Review,DST - Bulk/Party,Birthday Event,house warming function catering Bangalore,BROAD,Duplicate across ad groups — internal auction competition — needs manual ad group assignment
Review,DST - Bulk/Party,Anniversary Event,house warming function catering Bangalore,PHRASE,Duplicate across ad groups — internal auction competition — needs manual ad group assignment
Review,DST - Bulk/Party,Home Party,house warming function catering Bangalore,BROAD,Duplicate across ad groups — internal auction competition — needs manual ad group assignment
Review,DST - Bulk/Party,Birthday Event,food for anniversary party Bangalore,BROAD,Duplicate across ad groups — internal auction competition — needs manual ad group assignment
Review,DST - Bulk/Party,Anniversary Event,food for anniversary party Bangalore,PHRASE,Duplicate across ad groups — internal auction competition — needs manual ad group assignment
Review,DST - Bulk/Party,Home Party,food for anniversary party Bangalore,BROAD,Duplicate across ad groups — internal auction competition — needs manual ad group assignment
Review,DST - Bulk/Party,Birthday Event,anniversary dinner catering Bangalore,BROAD,Duplicate across ad groups — internal auction competition — needs manual ad group assignment
Review,DST - Bulk/Party,Anniversary Event,anniversary dinner catering Bangalore,PHRASE,Duplicate across ad groups — internal auction competition — needs manual ad group assignment
Review,DST - Bulk/Party,Home Party,anniversary dinner catering Bangalore,BROAD,Duplicate across ad groups — internal auction competition — needs manual ad group assignment
Review,DST - Bulk/Party,Birthday Event,food for wedding anniversary Bangalore,BROAD,Duplicate across ad groups — internal auction competition — needs manual ad group assignment
Review,DST - Bulk/Party,Anniversary Event,food for wedding anniversary Bangalore,PHRASE,Duplicate across ad groups — internal auction competition — needs manual ad group assignment
Review,DST - Bulk/Party,Home Party,food for wedding anniversary Bangalore,BROAD,Duplicate across ad groups — internal auction competition — needs manual ad group assignment
Review,DST - Bulk/Party,Birthday Event,anniversary celebration food Bangalore,BROAD,Duplicate across ad groups — internal auction competition — needs manual ad group assignment
Review,DST - Bulk/Party,Anniversary Event,anniversary celebration food Bangalore,PHRASE,Duplicate across ad groups — internal auction competition — needs manual ad group assignment
Review,DST - Bulk/Party,Home Party,anniversary celebration food Bangalore,BROAD,Duplicate across ad groups — internal auction competition — needs manual ad group assignment
Review,DST - Bulk/Party,Birthday Event,housewarming food order Bangalore,BROAD,Duplicate across ad groups — internal auction competition — needs manual ad group assignment
Review,DST - Bulk/Party,Anniversary Event,housewarming food order Bangalore,PHRASE,Duplicate across ad groups — internal auction competition — needs manual ad group assignment
Review,DST - Bulk/Party,Home Party,housewarming food order Bangalore,BROAD,Duplicate across ad groups — internal auction competition — needs manual ad group assignment
Review,DST - Bulk/Party,Birthday Event,best homemade food home delivery near me Hyderabad,BROAD,Duplicate across ad groups — internal auction competition — needs manual ad group assignment
Review,DST - Bulk/Party,Anniversary Event,best homemade food home delivery near me Hyderabad,PHRASE,Duplicate across ad groups — internal auction competition — needs manual ad group assignment
Review,DST - Bulk/Party,Home Party,best homemade food home delivery near me Hyderabad,BROAD,Duplicate across ad groups — internal auction competition — needs manual ad group assignment
Review,DST - Bulk/Party,Birthday Event,home cooked food for party Hyderabad,BROAD,Duplicate across ad groups — internal auction competition — needs manual ad group assignment
Review,DST - Bulk/Party,Anniversary Event,home cooked food for party Hyderabad,PHRASE,Duplicate across ad groups — internal auction competition — needs manual ad group assignment
Review,DST - Bulk/Party,Home Party,home cooked food for party Hyderabad,BROAD,Duplicate across ad groups — internal auction competition — needs manual ad group assignment
Review,DST - Bulk/Party,Birthday Event,homemade food delivery for party Hyderabad,BROAD,Duplicate across ad groups — internal auction competition — needs manual ad group assignment
Review,DST - Bulk/Party,Anniversary Event,homemade food delivery for party Hyderabad,PHRASE,Duplicate across ad groups — internal auction competition — needs manual ad group assignment
Review,DST - Bulk/Party,Home Party,homemade food delivery for party Hyderabad,BROAD,Duplicate across ad groups — internal auction competition — needs manual ad group assignment
Review,DST - Bulk/Party,Birthday Event,home style food for get together Hyderabad,BROAD,Duplicate across ad groups — internal auction competition — needs manual ad group assignment
Review,DST - Bulk/Party,Anniversary Event,home style food for get together Hyderabad,PHRASE,Duplicate across ad groups — internal auction competition — needs manual ad group assignment
Review,DST - Bulk/Party,Home Party,home style food for get together Hyderabad,BROAD,Duplicate across ad groups — internal auction competition — needs manual ad group assignment
Review,DST - Bulk/Party,Birthday Event,home food order for birthday Hyderabad,BROAD,Duplicate across ad groups — internal auction competition — needs manual ad group assignment
Review,DST - Bulk/Party,Anniversary Event,home food order for birthday Hyderabad,PHRASE,Duplicate across ad groups — internal auction competition — needs manual ad group assignment
Review,DST - Bulk/Party,Home Party,home food order for birthday Hyderabad,BROAD,Duplicate across ad groups — internal auction competition — needs manual ad group assignment
Review,DST - Bulk/Party,Birthday Event,homemade party food near me Hyderabad,BROAD,Duplicate across ad groups — internal auction competition — needs manual ad group assignment
Review,DST - Bulk/Party,Anniversary Event,homemade party food near me Hyderabad,PHRASE,Duplicate across ad groups — internal auction competition — needs manual ad group assignment
Review,DST - Bulk/Party,Home Party,homemade party food near me Hyderabad,BROAD,Duplicate across ad groups — internal auction competition — needs manual ad group assignment
Review,DST - Bulk/Party,Birthday Event,home cooked food for function Hyderabad,BROAD,Duplicate across ad groups — internal auction competition — needs manual ad group assignment
Review,DST - Bulk/Party,Anniversary Event,home cooked food for function Hyderabad,PHRASE,Duplicate across ad groups — internal auction competition — needs manual ad group assignment
Review,DST - Bulk/Party,Home Party,home cooked food for function Hyderabad,BROAD,Duplicate across ad groups — internal auction competition — needs manual ad group assignment
Review,DST - Bulk/Party,Birthday Event,catering near me Hyderabad,BROAD,Duplicate across ad groups — internal auction competition — needs manual ad group assignment
Review,DST - Bulk/Party,Anniversary Event,catering near me Hyderabad,PHRASE,Duplicate across ad groups — internal auction competition — needs manual ad group assignment
Review,DST - Bulk/Party,Home Party,catering near me Hyderabad,BROAD,Duplicate across ad groups — internal auction competition — needs manual ad group assignment
Review,DST - Bulk/Party,Birthday Event,home catering near me Hyderabad,BROAD,Duplicate across ad groups — internal auction competition — needs manual ad group assignment
Review,DST - Bulk/Party,Anniversary Event,home catering near me Hyderabad,PHRASE,Duplicate across ad groups — internal auction competition — needs manual ad group assignment
Review,DST - Bulk/Party,Home Party,home catering near me Hyderabad,BROAD,Duplicate across ad groups — internal auction competition — needs manual ad group assignment
Review,DST - Bulk/Party,Birthday Event,veg caterers near me Hyderabad,BROAD,Duplicate across ad groups — internal auction competition — needs manual ad group assignment
Review,DST - Bulk/Party,Anniversary Event,veg caterers near me Hyderabad,PHRASE,Duplicate across ad groups — internal auction competition — needs manual ad group assignment
Review,DST - Bulk/Party,Home Party,veg caterers near me Hyderabad,BROAD,Duplicate across ad groups — internal auction competition — needs manual ad group assignment
Review,DST - Bulk/Party,Birthday Event,catering for party Hyderabad,BROAD,Duplicate across ad groups — internal auction competition — needs manual ad group assignment
Review,DST - Bulk/Party,Anniversary Event,catering for party Hyderabad,PHRASE,Duplicate across ad groups — internal auction competition — needs manual ad group assignment
Review,DST - Bulk/Party,Home Party,catering for party Hyderabad,BROAD,Duplicate across ad groups — internal auction competition — needs manual ad group assignment
Review,DST - Bulk/Party,Birthday Event,small party caterers Hyderabad,BROAD,Duplicate across ad groups — internal auction competition — needs manual ad group assignment
Review,DST - Bulk/Party,Anniversary Event,small party caterers Hyderabad,PHRASE,Duplicate across ad groups — internal auction competition — needs manual ad group assignment
Review,DST - Bulk/Party,Home Party,small party caterers Hyderabad,BROAD,Duplicate across ad groups — internal auction competition — needs manual ad group assignment
Review,DST - Bulk/Party,Birthday Event,wedding caterers near me Hyderabad,BROAD,Duplicate across ad groups — internal auction competition — needs manual ad group assignment
Review,DST - Bulk/Party,Anniversary Event,wedding caterers near me Hyderabad,PHRASE,Duplicate across ad groups — internal auction competition — needs manual ad group assignment
Review,DST - Bulk/Party,Home Party,wedding caterers near me Hyderabad,BROAD,Duplicate across ad groups — internal auction competition — needs manual ad group assignment
Review,DST - Bulk/Party,Birthday Event,wedding biryani catering Hyderabad,BROAD,Duplicate across ad groups — internal auction competition — needs manual ad group assignment
Review,DST - Bulk/Party,Anniversary Event,wedding biryani catering Hyderabad,PHRASE,Duplicate across ad groups — internal auction competition — needs manual ad group assignment
Review,DST - Bulk/Party,Home Party,wedding biryani catering Hyderabad,BROAD,Duplicate across ad groups — internal auction competition — needs manual ad group assignment
Review,DST - Bulk/Party,Birthday Event,marriage function catering Hyderabad,BROAD,Duplicate across ad groups — internal auction competition — needs manual ad group assignment
Review,DST - Bulk/Party,Anniversary Event,marriage function catering Hyderabad,PHRASE,Duplicate across ad groups — internal auction competition — needs manual ad group assignment
Review,DST - Bulk/Party,Home Party,marriage function catering Hyderabad,BROAD,Duplicate across ad groups — internal auction competition — needs manual ad group assignment
Review,DST - Bulk/Party,Birthday Event,wedding food order Hyderabad,BROAD,Duplicate across ad groups — internal auction competition — needs manual ad group assignment
Review,DST - Bulk/Party,Anniversary Event,wedding food order Hyderabad,PHRASE,Duplicate across ad groups — internal auction competition — needs manual ad group assignment
Review,DST - Bulk/Party,Home Party,wedding food order Hyderabad,BROAD,Duplicate across ad groups — internal auction competition — needs manual ad group assignment
Review,DST - Bulk/Party,Birthday Event,wedding reception catering Hyderabad,BROAD,Duplicate across ad groups — internal auction competition — needs manual ad group assignment
Review,DST - Bulk/Party,Anniversary Event,wedding reception catering Hyderabad,PHRASE,Duplicate across ad groups — internal auction competition — needs manual ad group assignment
Review,DST - Bulk/Party,Home Party,wedding reception catering Hyderabad,BROAD,Duplicate across ad groups — internal auction competition — needs manual ad group assignment
Review,DST - Bulk/Party,Birthday Event,wedding lunch catering Hyderabad,BROAD,Duplicate across ad groups — internal auction competition — needs manual ad group assignment
Review,DST - Bulk/Party,Anniversary Event,wedding lunch catering Hyderabad,PHRASE,Duplicate across ad groups — internal auction competition — needs manual ad group assignment
Review,DST - Bulk/Party,Home Party,wedding lunch catering Hyderabad,BROAD,Duplicate across ad groups — internal auction competition — needs manual ad group assignment
Review,DST - Bulk/Party,Birthday Event,function catering Hyderabad,BROAD,Duplicate across ad groups — internal auction competition — needs manual ad group assignment
Review,DST - Bulk/Party,Anniversary Event,function catering Hyderabad,PHRASE,Duplicate across ad groups — internal auction competition — needs manual ad group assignment
Review,DST - Bulk/Party,Home Party,function catering Hyderabad,BROAD,Duplicate across ad groups — internal auction competition — needs manual ad group assignment
Review,DST - Bulk/Party,Birthday Event,birthday catering near me Hyderabad,BROAD,Duplicate across ad groups — internal auction competition — needs manual ad group assignment
Review,DST - Bulk/Party,Anniversary Event,birthday catering near me Hyderabad,PHRASE,Duplicate across ad groups — internal auction competition — needs manual ad group assignment
Review,DST - Bulk/Party,Home Party,birthday catering near me Hyderabad,BROAD,Duplicate across ad groups — internal auction competition — needs manual ad group assignment
Review,DST - Bulk/Party,Birthday Event,food for birthday party Hyderabad,BROAD,Duplicate across ad groups — internal auction competition — needs manual ad group assignment
Review,DST - Bulk/Party,Anniversary Event,food for birthday party Hyderabad,PHRASE,Duplicate across ad groups — internal auction competition — needs manual ad group assignment
Review,DST - Bulk/Party,Home Party,food for birthday party Hyderabad,BROAD,Duplicate across ad groups — internal auction competition — needs manual ad group assignment
Review,DST - Bulk/Party,Birthday Event,birthday dinner catering Hyderabad,BROAD,Duplicate across ad groups — internal auction competition — needs manual ad group assignment
Review,DST - Bulk/Party,Anniversary Event,birthday dinner catering Hyderabad,PHRASE,Duplicate across ad groups — internal auction competition — needs manual ad group assignment
Review,DST - Bulk/Party,Home Party,birthday dinner catering Hyderabad,BROAD,Duplicate across ad groups — internal auction competition — needs manual ad group assignment
Review,DST - Bulk/Party,Birthday Event,birthday party food order Hyderabad,BROAD,Duplicate across ad groups — internal auction competition — needs manual ad group assignment
Review,DST - Bulk/Party,Anniversary Event,birthday party food order Hyderabad,PHRASE,Duplicate across ad groups — internal auction competition — needs manual ad group assignment
Review,DST - Bulk/Party,Home Party,birthday party food order Hyderabad,BROAD,Duplicate across ad groups — internal auction competition — needs manual ad group assignment
Review,DST - Bulk/Party,Birthday Event,birthday lunch catering Hyderabad,BROAD,Duplicate across ad groups — internal auction competition — needs manual ad group assignment
Review,DST - Bulk/Party,Anniversary Event,birthday lunch catering Hyderabad,PHRASE,Duplicate across ad groups — internal auction competition — needs manual ad group assignment
Review,DST - Bulk/Party,Home Party,birthday lunch catering Hyderabad,BROAD,Duplicate across ad groups — internal auction competition — needs manual ad group assignment
Review,DST - Bulk/Party,Birthday Event,birthday catering home delivery Hyderabad,BROAD,Duplicate across ad groups — internal auction competition — needs manual ad group assignment
Review,DST - Bulk/Party,Anniversary Event,birthday catering home delivery Hyderabad,PHRASE,Duplicate across ad groups — internal auction competition — needs manual ad group assignment
Review,DST - Bulk/Party,Home Party,birthday catering home delivery Hyderabad,BROAD,Duplicate across ad groups — internal auction competition — needs manual ad group assignment
Review,DST - Bulk/Party,Birthday Event,birthday party catering services Hyderabad,BROAD,Duplicate across ad groups — internal auction competition — needs manual ad group assignment
Review,DST - Bulk/Party,Anniversary Event,birthday party catering services Hyderabad,PHRASE,Duplicate across ad groups — internal auction competition — needs manual ad group assignment
Review,DST - Bulk/Party,Home Party,birthday party catering services Hyderabad,BROAD,Duplicate across ad groups — internal auction competition — needs manual ad group assignment
Review,DST - Bulk/Party,Birthday Event,office party catering Hyderabad,BROAD,Duplicate across ad groups — internal auction competition — needs manual ad group assignment
Review,DST - Bulk/Party,Anniversary Event,office party catering Hyderabad,PHRASE,Duplicate across ad groups — internal auction competition — needs manual ad group assignment
Review,DST - Bulk/Party,Home Party,office party catering Hyderabad,BROAD,Duplicate across ad groups — internal auction competition — needs manual ad group assignment
Review,DST - Bulk/Party,Birthday Event,corporate party food Hyderabad,BROAD,Duplicate across ad groups — internal auction competition — needs manual ad group assignment
Review,DST - Bulk/Party,Anniversary Event,corporate party food Hyderabad,PHRASE,Duplicate across ad groups — internal auction competition — needs manual ad group assignment
Review,DST - Bulk/Party,Home Party,corporate party food Hyderabad,BROAD,Duplicate across ad groups — internal auction competition — needs manual ad group assignment
Review,DST - Bulk/Party,Birthday Event,snacks for office event Hyderabad,BROAD,Duplicate across ad groups — internal auction competition — needs manual ad group assignment
Review,DST - Bulk/Party,Anniversary Event,snacks for office event Hyderabad,PHRASE,Duplicate across ad groups — internal auction competition — needs manual ad group assignment
Review,DST - Bulk/Party,Home Party,snacks for office event Hyderabad,BROAD,Duplicate across ad groups — internal auction competition — needs manual ad group assignment
Review,DST - Bulk/Party,Birthday Event,office lunch catering Hyderabad,BROAD,Duplicate across ad groups — internal auction competition — needs manual ad group assignment
Review,DST - Bulk/Party,Anniversary Event,office lunch catering Hyderabad,PHRASE,Duplicate across ad groups — internal auction competition — needs manual ad group assignment
Review,DST - Bulk/Party,Home Party,office lunch catering Hyderabad,BROAD,Duplicate across ad groups — internal auction competition — needs manual ad group assignment
Review,DST - Bulk/Party,Birthday Event,office food order Hyderabad,BROAD,Duplicate across ad groups — internal auction competition — needs manual ad group assignment
Review,DST - Bulk/Party,Anniversary Event,office food order Hyderabad,PHRASE,Duplicate across ad groups — internal auction competition — needs manual ad group assignment
Review,DST - Bulk/Party,Home Party,office food order Hyderabad,BROAD,Duplicate across ad groups — internal auction competition — needs manual ad group assignment
Review,DST - Bulk/Party,Birthday Event,office event catering Hyderabad,BROAD,Duplicate across ad groups — internal auction competition — needs manual ad group assignment
Review,DST - Bulk/Party,Anniversary Event,office event catering Hyderabad,PHRASE,Duplicate across ad groups — internal auction competition — needs manual ad group assignment
Review,DST - Bulk/Party,Home Party,office event catering Hyderabad,BROAD,Duplicate across ad groups — internal auction competition — needs manual ad group assignment
Review,DST - Bulk/Party,Birthday Event,bulk food order for office Hyderabad,BROAD,Duplicate across ad groups — internal auction competition — needs manual ad group assignment
Review,DST - Bulk/Party,Anniversary Event,bulk food order for office Hyderabad,PHRASE,Duplicate across ad groups — internal auction competition — needs manual ad group assignment
Review,DST - Bulk/Party,Home Party,bulk food order for office Hyderabad,BROAD,Duplicate across ad groups — internal auction competition — needs manual ad group assignment
Review,DST - Bulk/Party,Birthday Event,wedding dining Hyderabad,BROAD,Duplicate across ad groups — internal auction competition — needs manual ad group assignment
Review,DST - Bulk/Party,Anniversary Event,wedding dining Hyderabad,PHRASE,Duplicate across ad groups — internal auction competition — needs manual ad group assignment
Review,DST - Bulk/Party,Home Party,wedding dining Hyderabad,BROAD,Duplicate across ad groups — internal auction competition — needs manual ad group assignment
Review,DST - Bulk/Party,Birthday Event,anniversary party catering Bangalore,BROAD,Duplicate across ad groups — internal auction competition — needs manual ad group assignment
Review,DST - Bulk/Party,Anniversary Event,anniversary party catering Bangalore,PHRASE,Duplicate across ad groups — internal auction competition — needs manual ad group assignment
Review,DST - Bulk/Party,Home Party,anniversary party catering Bangalore,BROAD,Duplicate across ad groups — internal auction competition — needs manual ad group assignment
Review,DST - Bulk/Party,Birthday Event,home style food delivery for function,BROAD,Duplicate across ad groups — internal auction competition — needs manual ad group assignment
Review,DST - Bulk/Party,Anniversary Event,home style food delivery for function,PHRASE,Duplicate across ad groups — internal auction competition — needs manual ad group assignment
Review,DST - Bulk/Party,Home Party,home style food delivery for function,BROAD,Duplicate across ad groups — internal auction competition — needs manual ad group assignment
Review,DST - Bulk/Party,Birthday Event,bulk food order for office Bangalore,BROAD,Duplicate across ad groups — internal auction competition — needs manual ad group assignment
Review,DST - Bulk/Party,Anniversary Event,bulk food order for office Bangalore,PHRASE,Duplicate across ad groups — internal auction competition — needs manual ad group assignment
Review,DST - Bulk/Party,Home Party,bulk food order for office Bangalore,BROAD,Duplicate across ad groups — internal auction competition — needs manual ad group assignment
Review,DST - Bulk/Party,Birthday Event,best homemade food home delivery near me Bangalore,BROAD,Duplicate across ad groups — internal auction competition — needs manual ad group assignment
Review,DST - Bulk/Party,Anniversary Event,best homemade food home delivery near me Bangalore,PHRASE,Duplicate across ad groups — internal auction competition — needs manual ad group assignment
Review,DST - Bulk/Party,Home Party,best homemade food home delivery near me Bangalore,BROAD,Duplicate across ad groups — internal auction competition — needs manual ad group assignment
Review,DST - Bulk/Party,Birthday Event,homemade food delivery for party Bangalore,BROAD,Duplicate across ad groups — internal auction competition — needs manual ad group assignment
Review,DST - Bulk/Party,Anniversary Event,homemade food delivery for party Bangalore,PHRASE,Duplicate across ad groups — internal auction competition — needs manual ad group assignment
Review,DST - Bulk/Party,Home Party,homemade food delivery for party Bangalore,BROAD,Duplicate across ad groups — internal auction competition — needs manual ad group assignment
Review,DST - Bulk/Party,Birthday Event,home style food for get together Bangalore,BROAD,Duplicate across ad groups — internal auction competition — needs manual ad group assignment
Review,DST - Bulk/Party,Anniversary Event,home style food for get together Bangalore,PHRASE,Duplicate across ad groups — internal auction competition — needs manual ad group assignment
Review,DST - Bulk/Party,Home Party,home style food for get together Bangalore,BROAD,Duplicate across ad groups — internal auction competition — needs manual ad group assignment
Review,DST - Bulk/Party,Birthday Event,home food order for birthday Bangalore,BROAD,Duplicate across ad groups — internal auction competition — needs manual ad group assignment
Review,DST - Bulk/Party,Anniversary Event,home food order for birthday Bangalore,PHRASE,Duplicate across ad groups — internal auction competition — needs manual ad group assignment
Review,DST - Bulk/Party,Home Party,home food order for birthday Bangalore,BROAD,Duplicate across ad groups — internal auction competition — needs manual ad group assignment
Review,DST - Bulk/Party,Birthday Event,homemade party food near me Bangalore,BROAD,Duplicate across ad groups — internal auction competition — needs manual ad group assignment
Review,DST - Bulk/Party,Anniversary Event,homemade party food near me Bangalore,PHRASE,Duplicate across ad groups — internal auction competition — needs manual ad group assignment
Review,DST - Bulk/Party,Home Party,homemade party food near me Bangalore,BROAD,Duplicate across ad groups — internal auction competition — needs manual ad group assignment
Review,DST - Bulk/Party,Birthday Event,home cooked food for party Bangalore,BROAD,Duplicate across ad groups — internal auction competition — needs manual ad group assignment
Review,DST - Bulk/Party,Anniversary Event,home cooked food for party Bangalore,PHRASE,Duplicate across ad groups — internal auction competition — needs manual ad group assignment
Review,DST - Bulk/Party,Home Party,home cooked food for party Bangalore,BROAD,Duplicate across ad groups — internal auction competition — needs manual ad group assignment
Review,DST - Bulk/Party,Birthday Event,home cooked food for function Bangalo,BROAD,Duplicate across ad groups — internal auction competition — needs manual ad group assignment
Review,DST - Bulk/Party,Anniversary Event,home cooked food for function Bangalo,PHRASE,Duplicate across ad groups — internal auction competition — needs manual ad group assignment
Review,DST - Bulk/Party,Home Party,home cooked food for function Bangalo,BROAD,Duplicate across ad groups — internal auction competition — needs manual ad group assignment
Review,DST - Bulk/Party,Birthday Event,homemade food delivery for party,BROAD,Duplicate across ad groups — internal auction competition — needs manual ad group assignment
Review,DST - Bulk/Party,Anniversary Event,homemade food delivery for party,PHRASE,Duplicate across ad groups — internal auction competition — needs manual ad group assignment
Review,DST - Bulk/Party,Home Party,homemade food delivery for party,BROAD,Duplicate across ad groups — internal auction competition — needs manual ad group assignment
Review,DST - Bulk/Party,Birthday Event,birthday party home food Chennai,BROAD,Duplicate across ad groups — internal auction competition — needs manual ad group assignment
Review,DST - Bulk/Party,Anniversary Event,birthday party home food Chennai,PHRASE,Duplicate across ad groups — internal auction competition — needs manual ad group assignment
Review,DST - Bulk/Party,Home Party,birthday party home food Chennai,BROAD,Duplicate across ad groups — internal auction competition — needs manual ad group assignment
Review,DST - Bulk/Party,Birthday Event,housewarming food order Chennai,BROAD,Duplicate across ad groups — internal auction competition — needs manual ad group assignment
Review,DST - Bulk/Party,Anniversary Event,housewarming food order Chennai,PHRASE,Duplicate across ad groups — internal auction competition — needs manual ad group assignment
Review,DST - Bulk/Party,Home Party,housewarming food order Chennai,BROAD,Duplicate across ad groups — internal auction competition — needs manual ad group assignment
Review,DST - Bulk/Party,Birthday Event,birthday dinner catering Bangalore,BROAD,Duplicate across ad groups — internal auction competition — needs manual ad group assignment
Review,DST - Bulk/Party,Anniversary Event,birthday dinner catering Bangalore,PHRASE,Duplicate across ad groups — internal auction competition — needs manual ad group assignment
Review,DST - Bulk/Party,Home Party,birthday dinner catering Bangalore,BROAD,Duplicate across ad groups — internal auction competition — needs manual ad group assignment
Review,DST - Bulk/Party,Birthday Event,home cooked food for get together,BROAD,Duplicate across ad groups — internal auction competition — needs manual ad group assignment
Review,DST - Bulk/Party,Anniversary Event,home cooked food for get together,PHRASE,Duplicate across ad groups — internal auction competition — needs manual ad group assignment
Review,DST - Bulk/Party,Home Party,home cooked food for get together,BROAD,Duplicate across ad groups — internal auction competition — needs manual ad group assignment
Review,DST - Bulk/Party,Birthday Event,homemade party food near me,BROAD,Duplicate across ad groups — internal auction competition — needs manual ad group assignment
Review,DST - Bulk/Party,Anniversary Event,homemade party food near me,PHRASE,Duplicate across ad groups — internal auction competition — needs manual ad group assignment
Review,DST - Bulk/Party,Home Party,homemade party food near me,BROAD,Duplicate across ad groups — internal auction competition — needs manual ad group assignment
Review,DST - Bulk/Party,Birthday Event,home food order for birthday,BROAD,Duplicate across ad groups — internal auction competition — needs manual ad group assignment
Review,DST - Bulk/Party,Anniversary Event,home food order for birthday,PHRASE,Duplicate across ad groups — internal auction competition — needs manual ad group assignment
Review,DST - Bulk/Party,Home Party,home food order for birthday,BROAD,Duplicate across ad groups — internal auction competition — needs manual ad group assignment
Review,DST - Bulk/Party,Birthday Event,wedding reception catering Chennai,BROAD,Duplicate across ad groups — internal auction competition — needs manual ad group assignment
Review,DST - Bulk/Party,Anniversary Event,wedding reception catering Chennai,PHRASE,Duplicate across ad groups — internal auction competition — needs manual ad group assignment
Review,DST - Bulk/Party,Home Party,wedding reception catering Chennai,BROAD,Duplicate across ad groups — internal auction competition — needs manual ad group assignment
Review,DST - Bulk/Party,Birthday Event,wedding lunch catering Chennai,BROAD,Duplicate across ad groups — internal auction competition — needs manual ad group assignment
Review,DST - Bulk/Party,Anniversary Event,wedding lunch catering Chennai,PHRASE,Duplicate across ad groups — internal auction competition — needs manual ad group assignment
Review,DST - Bulk/Party,Home Party,wedding lunch catering Chennai,BROAD,Duplicate across ad groups — internal auction competition — needs manual ad group assignment
Review,DST - Bulk/Party,Birthday Event,wedding food order Chennai,BROAD,Duplicate across ad groups — internal auction competition — needs manual ad group assignment
Review,DST - Bulk/Party,Anniversary Event,wedding food order Chennai,PHRASE,Duplicate across ad groups — internal auction competition — needs manual ad group assignment
Review,DST - Bulk/Party,Home Party,wedding food order Chennai,BROAD,Duplicate across ad groups — internal auction competition — needs manual ad group assignment
Review,DST - Bulk/Party,Birthday Event,wedding caterers near me Chennai,BROAD,Duplicate across ad groups — internal auction competition — needs manual ad group assignment
Review,DST - Bulk/Party,Anniversary Event,wedding caterers near me Chennai,PHRASE,Duplicate across ad groups — internal auction competition — needs manual ad group assignment
Review,DST - Bulk/Party,Home Party,wedding caterers near me Chennai,BROAD,Duplicate across ad groups — internal auction competition — needs manual ad group assignment
Review,DST - Bulk/Party,Birthday Event,birthday party food order Chennai,BROAD,Duplicate across ad groups — internal auction competition — needs manual ad group assignment
Review,DST - Bulk/Party,Anniversary Event,birthday party food order Chennai,PHRASE,Duplicate across ad groups — internal auction competition — needs manual ad group assignment
Review,DST - Bulk/Party,Home Party,birthday party food order Chennai,BROAD,Duplicate across ad groups — internal auction competition — needs manual ad group assignment
Review,DST - Bulk/Party,Birthday Event,birthday catering home delivery,BROAD,Duplicate across ad groups — internal auction competition — needs manual ad group assignment
Review,DST - Bulk/Party,Anniversary Event,birthday catering home delivery,PHRASE,Duplicate across ad groups — internal auction competition — needs manual ad group assignment
Review,DST - Bulk/Party,Home Party,birthday catering home delivery,BROAD,Duplicate across ad groups — internal auction competition — needs manual ad group assignment
Review,DST - Bulk/Party,Birthday Event,housewarming party catering near me,BROAD,Duplicate across ad groups — internal auction competition — needs manual ad group assignment
Review,DST - Bulk/Party,Anniversary Event,housewarming party catering near me,PHRASE,Duplicate across ad groups — internal auction competition — needs manual ad group assignment
Review,DST - Bulk/Party,Home Party,housewarming party catering near me,BROAD,Duplicate across ad groups — internal auction competition — needs manual ad group assignment
Review,DST - Bulk/Party,Birthday Event,new home celebration food order,BROAD,Duplicate across ad groups — internal auction competition — needs manual ad group assignment
Review,DST - Bulk/Party,Anniversary Event,new home celebration food order,PHRASE,Duplicate across ad groups — internal auction competition — needs manual ad group assignment
Review,DST - Bulk/Party,Home Party,new home celebration food order,BROAD,Duplicate across ad groups — internal auction competition — needs manual ad group assignment
Review,DST - Bulk/Party,Birthday Event,home cooked food for function Bangalore,BROAD,Duplicate across ad groups — internal auction competition — needs manual ad group assignment
Review,DST - Bulk/Party,Anniversary Event,home cooked food for function Bangalore,PHRASE,Duplicate across ad groups — internal auction competition — needs manual ad group assignment
Review,DST - Bulk/Party,Home Party,home cooked food for function Bangalore,BROAD,Duplicate across ad groups — internal auction competition — needs manual ad group assignment
Review,DST - Bulk/Party,Birthday Event,home catering near me Bangalore,BROAD,Duplicate across ad groups — internal auction competition — needs manual ad group assignment
Review,DST - Bulk/Party,Anniversary Event,home catering near me Bangalore,PHRASE,Duplicate across ad groups — internal auction competition — needs manual ad group assignment
Review,DST - Bulk/Party,Home Party,home catering near me Bangalore,BROAD,Duplicate across ad groups — internal auction competition — needs manual ad group assignment
Review,DST - Bulk/Party,Birthday Event,veg caterers near me Bangalore,BROAD,Duplicate across ad groups — internal auction competition — needs manual ad group assignment
Review,DST - Bulk/Party,Anniversary Event,veg caterers near me Bangalore,PHRASE,Duplicate across ad groups — internal auction competition — needs manual ad group assignment
Review,DST - Bulk/Party,Home Party,veg caterers near me Bangalore,BROAD,Duplicate across ad groups — internal auction competition — needs manual ad group assignment
Review,DST - Bulk/Party,Birthday Event,home catering services Bangalore,BROAD,Duplicate across ad groups — internal auction competition — needs manual ad group assignment
Review,DST - Bulk/Party,Anniversary Event,home catering services Bangalore,PHRASE,Duplicate across ad groups — internal auction competition — needs manual ad group assignment
Review,DST - Bulk/Party,Home Party,home catering services Bangalore,BROAD,Duplicate across ad groups — internal auction competition — needs manual ad group assignment
Review,DST - Bulk/Party,Birthday Event,catering for party Bangalore,BROAD,Duplicate across ad groups — internal auction competition — needs manual ad group assignment
Review,DST - Bulk/Party,Anniversary Event,catering for party Bangalore,PHRASE,Duplicate across ad groups — internal auction competition — needs manual ad group assignment
Review,DST - Bulk/Party,Home Party,catering for party Bangalore,BROAD,Duplicate across ad groups — internal auction competition — needs manual ad group assignment
Review,DST - Bulk/Party,Birthday Event,wedding caterers near me Bangalore,BROAD,Duplicate across ad groups — internal auction competition — needs manual ad group assignment
Review,DST - Bulk/Party,Anniversary Event,wedding caterers near me Bangalore,PHRASE,Duplicate across ad groups — internal auction competition — needs manual ad group assignment
Review,DST - Bulk/Party,Home Party,wedding caterers near me Bangalore,BROAD,Duplicate across ad groups — internal auction competition — needs manual ad group assignment
Review,DST - Bulk/Party,Birthday Event,marriage function catering Bangalore,BROAD,Duplicate across ad groups — internal auction competition — needs manual ad group assignment
Review,DST - Bulk/Party,Anniversary Event,marriage function catering Bangalore,PHRASE,Duplicate across ad groups — internal auction competition — needs manual ad group assignment
Review,DST - Bulk/Party,Home Party,marriage function catering Bangalore,BROAD,Duplicate across ad groups — internal auction competition — needs manual ad group assignment
Review,DST - Bulk/Party,Birthday Event,wedding biryani catering Bangalore,BROAD,Duplicate across ad groups — internal auction competition — needs manual ad group assignment
Review,DST - Bulk/Party,Anniversary Event,wedding biryani catering Bangalore,PHRASE,Duplicate across ad groups — internal auction competition — needs manual ad group assignment
Review,DST - Bulk/Party,Home Party,wedding biryani catering Bangalore,BROAD,Duplicate across ad groups — internal auction competition — needs manual ad group assignment
Review,DST - Bulk/Party,Birthday Event,wedding food order Bangalore,BROAD,Duplicate across ad groups — internal auction competition — needs manual ad group assignment
Review,DST - Bulk/Party,Anniversary Event,wedding food order Bangalore,PHRASE,Duplicate across ad groups — internal auction competition — needs manual ad group assignment
Review,DST - Bulk/Party,Home Party,wedding food order Bangalore,BROAD,Duplicate across ad groups — internal auction competition — needs manual ad group assignment
Review,DST - Bulk/Party,Birthday Event,wedding reception catering Bangalore,BROAD,Duplicate across ad groups — internal auction competition — needs manual ad group assignment
Review,DST - Bulk/Party,Anniversary Event,wedding reception catering Bangalore,PHRASE,Duplicate across ad groups — internal auction competition — needs manual ad group assignment
Review,DST - Bulk/Party,Home Party,wedding reception catering Bangalore,BROAD,Duplicate across ad groups — internal auction competition — needs manual ad group assignment
Review,DST - Bulk/Party,Birthday Event,wedding lunch catering Bangalore,BROAD,Duplicate across ad groups — internal auction competition — needs manual ad group assignment
Review,DST - Bulk/Party,Anniversary Event,wedding lunch catering Bangalore,PHRASE,Duplicate across ad groups — internal auction competition — needs manual ad group assignment
Review,DST - Bulk/Party,Home Party,wedding lunch catering Bangalore,BROAD,Duplicate across ad groups — internal auction competition — needs manual ad group assignment
Review,DST - Bulk/Party,Birthday Event,birthday lunch catering Chennai,BROAD,Duplicate across ad groups — internal auction competition — needs manual ad group assignment
Review,DST - Bulk/Party,Anniversary Event,birthday lunch catering Chennai,PHRASE,Duplicate across ad groups — internal auction competition — needs manual ad group assignment
Review,DST - Bulk/Party,Home Party,birthday lunch catering Chennai,BROAD,Duplicate across ad groups — internal auction competition — needs manual ad group assignment
Review,DST - Bulk/Party,Birthday Event,birthday dinner food order,BROAD,Duplicate across ad groups — internal auction competition — needs manual ad group assignment
Review,DST - Bulk/Party,Anniversary Event,birthday dinner food order,PHRASE,Duplicate across ad groups — internal auction competition — needs manual ad group assignment
Review,DST - Bulk/Party,Home Party,birthday dinner food order,BROAD,Duplicate across ad groups — internal auction competition — needs manual ad group assignment
Review,DST - Bulk/Party,Anniversary Event,catering service Bangalore,PHRASE,Duplicate across ad groups — internal auction competition — needs manual ad group assignment
Review,DST - Bulk/Party,Home Party,catering service Bangalore,BROAD,Duplicate across ad groups — internal auction competition — needs manual ad group assignment
Review,DST - Bulk/Party,Birthday Event,best caterers in Bangalore,BROAD,Targets Hyderabad/Bangalore — confirm if Shero serves these cities
Review,DST - Bulk/Party,Birthday Event,best caterers in Hyderabad,BROAD,Targets Hyderabad/Bangalore — confirm if Shero serves these cities
Review,DST - Bulk/Party,Birthday Event,catering services Bangalore,BROAD,Targets Hyderabad/Bangalore — confirm if Shero serves these cities
Review,DST - Bulk/Party,Birthday Event,corporate catering Bangalore,BROAD,Targets Hyderabad/Bangalore — confirm if Shero serves these cities
Review,DST - Bulk/Party,Birthday Event,wedding catering Bangalore,BROAD,Targets Hyderabad/Bangalore — confirm if Shero serves these cities
Review,DST - Bulk/Party,Birthday Event,catering services Hyderabad,BROAD,Targets Hyderabad/Bangalore — confirm if Shero serves these cities
Review,DST - Bulk/Party,Birthday Event,best wedding caterers Hyderabad,BROAD,Targets Hyderabad/Bangalore — confirm if Shero serves these cities
Review,DST - Bulk/Party,Birthday Event,corporate catering Hyderabad,BROAD,Targets Hyderabad/Bangalore — confirm if Shero serves these cities
Review,DST - Bulk/Party,Birthday Event,affordable catering Bangalore,BROAD,Targets Hyderabad/Bangalore — confirm if Shero serves these cities
Review,DST - Bulk/Party,Birthday Event,function catering Bangalore,BROAD,Targets Hyderabad/Bangalore — confirm if Shero serves these cities
Review,DST - Bulk/Party,Birthday Event,housewarming catering Bangalore,BROAD,Targets Hyderabad/Bangalore — confirm if Shero serves these cities
Review,DST - Bulk/Party,Birthday Event,office party catering Bangalore,BROAD,Targets Hyderabad/Bangalore — confirm if Shero serves these cities
Review,DST - Bulk/Party,Birthday Event,catering near me Bangalore,BROAD,Targets Hyderabad/Bangalore — confirm if Shero serves these cities
Review,DST - Bulk/Party,Birthday Event,birthday party catering Hyderabad,BROAD,Targets Hyderabad/Bangalore — confirm if Shero serves these cities
Review,DST - Bulk/Party,Birthday Event,catering for birthday party Bangalore,BROAD,Targets Hyderabad/Bangalore — confirm if Shero serves these cities
Review,DST - Bulk/Party,Birthday Event,office lunch catering Bangalore,BROAD,Targets Hyderabad/Bangalore — confirm if Shero serves these cities
Review,DST - Bulk/Party,Birthday Event,wedding catering Hyderabad,BROAD,Targets Hyderabad/Bangalore — confirm if Shero serves these cities
Review,DST - Bulk/Party,Birthday Event,home catering services Hyderabad,BROAD,Targets Hyderabad/Bangalore — confirm if Shero serves these cities
Review,DST - Bulk/Party,Birthday Event,affordable catering Hyderabad,BROAD,Targets Hyderabad/Bangalore — confirm if Shero serves these cities
Review,DST - Bulk/Party,Birthday Event,catering for birthday party Hyderabad,BROAD,Targets Hyderabad/Bangalore — confirm if Shero serves these cities
Review,DST - Bulk/Party,Birthday Event,best wedding caterers Bangalore,BROAD,Targets Hyderabad/Bangalore — confirm if Shero serves these cities
Review,DST - Bulk/Party,Birthday Event,wedding and catering services Bangalore,BROAD,Targets Hyderabad/Bangalore — confirm if Shero serves these cities
Review,DST - Bulk/Party,Birthday Event,birthday catering near me Bangalore,BROAD,Targets Hyderabad/Bangalore — confirm if Shero serves these cities
Review,DST - Bulk/Party,Birthday Event,food for birthday party Bangalore,BROAD,Targets Hyderabad/Bangalore — confirm if Shero serves these cities
Review,DST - Bulk/Party,Birthday Event,birthday party food order Bangalore,BROAD,Targets Hyderabad/Bangalore — confirm if Shero serves these cities
Review,DST - Bulk/Party,Birthday Event,birthday catering home delivery Bangalore,BROAD,Targets Hyderabad/Bangalore — confirm if Shero serves these cities
Review,DST - Bulk/Party,Birthday Event,birthday party catering services Bangalore,BROAD,Targets Hyderabad/Bangalore — confirm if Shero serves these cities
Review,DST - Bulk/Party,Birthday Event,corporate party food Bangalore,BROAD,Targets Hyderabad/Bangalore — confirm if Shero serves these cities
Review,DST - Bulk/Party,Birthday Event,snacks for office event Bangalore,BROAD,Targets Hyderabad/Bangalore — confirm if Shero serves these cities
Review,DST - Bulk/Party,Birthday Event,office food order Bangalore,BROAD,Targets Hyderabad/Bangalore — confirm if Shero serves these cities
Review,DST - Bulk/Party,Birthday Event,office event catering Bangalore,BROAD,Targets Hyderabad/Bangalore — confirm if Shero serves these cities
Review,DST - Bulk/Party,Birthday Event,birthday lunch catering Bangalore,BROAD,Targets Hyderabad/Bangalore — confirm if Shero serves these cities
Review,DST - Bulk/Party,Birthday Event,griha pravesh catering Bangalore,BROAD,Targets Hyderabad/Bangalore — confirm if Shero serves these cities
Review,DST - Bulk/Party,Birthday Event,housewarming party catering Bangalore,BROAD,Targets Hyderabad/Bangalore — confirm if Shero serves these cities
Review,DST - Bulk/Party,Birthday Event,new home celebration food Bangalore,BROAD,Targets Hyderabad/Bangalore — confirm if Shero serves these cities
Review,DST - Bulk/Party,Birthday Event,house warming function catering Bangalore,BROAD,Targets Hyderabad/Bangalore — confirm if Shero serves these cities
Review,DST - Bulk/Party,Birthday Event,food for anniversary party Bangalore,BROAD,Targets Hyderabad/Bangalore — confirm if Shero serves these cities
Review,DST - Bulk/Party,Birthday Event,anniversary dinner catering Bangalore,BROAD,Targets Hyderabad/Bangalore — confirm if Shero serves these cities
Review,DST - Bulk/Party,Birthday Event,food for wedding anniversary Bangalore,BROAD,Targets Hyderabad/Bangalore — confirm if Shero serves these cities
Review,DST - Bulk/Party,Birthday Event,anniversary celebration food Bangalore,BROAD,Targets Hyderabad/Bangalore — confirm if Shero serves these cities
Review,DST - Bulk/Party,Birthday Event,housewarming food order Bangalore,BROAD,Targets Hyderabad/Bangalore — confirm if Shero serves these cities
Review,DST - Bulk/Party,Birthday Event,best homemade food home delivery near me Hyderabad,BROAD,Targets Hyderabad/Bangalore — confirm if Shero serves these cities
Review,DST - Bulk/Party,Birthday Event,home cooked food for party Hyderabad,BROAD,Targets Hyderabad/Bangalore — confirm if Shero serves these cities
Review,DST - Bulk/Party,Birthday Event,homemade food delivery for party Hyderabad,BROAD,Targets Hyderabad/Bangalore — confirm if Shero serves these cities
Review,DST - Bulk/Party,Birthday Event,home style food for get together Hyderabad,BROAD,Targets Hyderabad/Bangalore — confirm if Shero serves these cities
Review,DST - Bulk/Party,Birthday Event,home food order for birthday Hyderabad,BROAD,Targets Hyderabad/Bangalore — confirm if Shero serves these cities
Review,DST - Bulk/Party,Birthday Event,homemade party food near me Hyderabad,BROAD,Targets Hyderabad/Bangalore — confirm if Shero serves these cities
Review,DST - Bulk/Party,Birthday Event,home cooked food for function Hyderabad,BROAD,Targets Hyderabad/Bangalore — confirm if Shero serves these cities
Review,DST - Bulk/Party,Birthday Event,catering near me Hyderabad,BROAD,Targets Hyderabad/Bangalore — confirm if Shero serves these cities
Review,DST - Bulk/Party,Birthday Event,home catering near me Hyderabad,BROAD,Targets Hyderabad/Bangalore — confirm if Shero serves these cities
Review,DST - Bulk/Party,Birthday Event,veg caterers near me Hyderabad,BROAD,Targets Hyderabad/Bangalore — confirm if Shero serves these cities
Review,DST - Bulk/Party,Birthday Event,catering for party Hyderabad,BROAD,Targets Hyderabad/Bangalore — confirm if Shero serves these cities
Review,DST - Bulk/Party,Birthday Event,small party caterers Hyderabad,BROAD,Targets Hyderabad/Bangalore — confirm if Shero serves these cities
Review,DST - Bulk/Party,Birthday Event,wedding caterers near me Hyderabad,BROAD,Targets Hyderabad/Bangalore — confirm if Shero serves these cities
Review,DST - Bulk/Party,Birthday Event,wedding biryani catering Hyderabad,BROAD,Targets Hyderabad/Bangalore — confirm if Shero serves these cities
Review,DST - Bulk/Party,Birthday Event,marriage function catering Hyderabad,BROAD,Targets Hyderabad/Bangalore — confirm if Shero serves these cities
Review,DST - Bulk/Party,Birthday Event,wedding food order Hyderabad,BROAD,Targets Hyderabad/Bangalore — confirm if Shero serves these cities
Review,DST - Bulk/Party,Birthday Event,wedding reception catering Hyderabad,BROAD,Targets Hyderabad/Bangalore — confirm if Shero serves these cities
Review,DST - Bulk/Party,Birthday Event,wedding lunch catering Hyderabad,BROAD,Targets Hyderabad/Bangalore — confirm if Shero serves these cities
Review,DST - Bulk/Party,Birthday Event,function catering Hyderabad,BROAD,Targets Hyderabad/Bangalore — confirm if Shero serves these cities
Review,DST - Bulk/Party,Birthday Event,birthday catering near me Hyderabad,BROAD,Targets Hyderabad/Bangalore — confirm if Shero serves these cities
Review,DST - Bulk/Party,Birthday Event,food for birthday party Hyderabad,BROAD,Targets Hyderabad/Bangalore — confirm if Shero serves these cities
Review,DST - Bulk/Party,Birthday Event,birthday dinner catering Hyderabad,BROAD,Targets Hyderabad/Bangalore — confirm if Shero serves these cities
Review,DST - Bulk/Party,Birthday Event,birthday party food order Hyderabad,BROAD,Targets Hyderabad/Bangalore — confirm if Shero serves these cities
Review,DST - Bulk/Party,Birthday Event,birthday lunch catering Hyderabad,BROAD,Targets Hyderabad/Bangalore — confirm if Shero serves these cities
Review,DST - Bulk/Party,Birthday Event,birthday catering home delivery Hyderabad,BROAD,Targets Hyderabad/Bangalore — confirm if Shero serves these cities
Review,DST - Bulk/Party,Birthday Event,birthday party catering services Hyderabad,BROAD,Targets Hyderabad/Bangalore — confirm if Shero serves these cities
Review,DST - Bulk/Party,Birthday Event,office party catering Hyderabad,BROAD,Targets Hyderabad/Bangalore — confirm if Shero serves these cities
Review,DST - Bulk/Party,Birthday Event,corporate party food Hyderabad,BROAD,Targets Hyderabad/Bangalore — confirm if Shero serves these cities
Review,DST - Bulk/Party,Birthday Event,snacks for office event Hyderabad,BROAD,Targets Hyderabad/Bangalore — confirm if Shero serves these cities
Review,DST - Bulk/Party,Birthday Event,office lunch catering Hyderabad,BROAD,Targets Hyderabad/Bangalore — confirm if Shero serves these cities
Review,DST - Bulk/Party,Birthday Event,office food order Hyderabad,BROAD,Targets Hyderabad/Bangalore — confirm if Shero serves these cities
Review,DST - Bulk/Party,Birthday Event,office event catering Hyderabad,BROAD,Targets Hyderabad/Bangalore — confirm if Shero serves these cities
Review,DST - Bulk/Party,Birthday Event,bulk food order for office Hyderabad,BROAD,Targets Hyderabad/Bangalore — confirm if Shero serves these cities
Review,DST - Bulk/Party,Birthday Event,wedding dining Hyderabad,BROAD,Targets Hyderabad/Bangalore — confirm if Shero serves these cities
Review,DST - Bulk/Party,Birthday Event,anniversary party catering Bangalore,BROAD,Targets Hyderabad/Bangalore — confirm if Shero serves these cities
Review,DST - Bulk/Party,Birthday Event,bulk food order for office Bangalore,BROAD,Targets Hyderabad/Bangalore — confirm if Shero serves these cities
Review,DST - Bulk/Party,Birthday Event,best homemade food home delivery near me Bangalore,BROAD,Targets Hyderabad/Bangalore — confirm if Shero serves these cities
Review,DST - Bulk/Party,Birthday Event,homemade food delivery for party Bangalore,BROAD,Targets Hyderabad/Bangalore — confirm if Shero serves these cities
Review,DST - Bulk/Party,Birthday Event,home style food for get together Bangalore,BROAD,Targets Hyderabad/Bangalore — confirm if Shero serves these cities
Review,DST - Bulk/Party,Birthday Event,home food order for birthday Bangalore,BROAD,Targets Hyderabad/Bangalore — confirm if Shero serves these cities
Review,DST - Bulk/Party,Birthday Event,homemade party food near me Bangalore,BROAD,Targets Hyderabad/Bangalore — confirm if Shero serves these cities
Review,DST - Bulk/Party,Birthday Event,home cooked food for party Bangalore,BROAD,Targets Hyderabad/Bangalore — confirm if Shero serves these cities
Review,DST - Bulk/Party,Birthday Event,birthday dinner catering Bangalore,BROAD,Targets Hyderabad/Bangalore — confirm if Shero serves these cities
Review,DST - Bulk/Party,Birthday Event,home cooked food for function Bangalore,BROAD,Targets Hyderabad/Bangalore — confirm if Shero serves these cities
Review,DST - Bulk/Party,Birthday Event,home catering near me Bangalore,BROAD,Targets Hyderabad/Bangalore — confirm if Shero serves these cities
Review,DST - Bulk/Party,Birthday Event,veg caterers near me Bangalore,BROAD,Targets Hyderabad/Bangalore — confirm if Shero serves these cities
Review,DST - Bulk/Party,Birthday Event,home catering services Bangalore,BROAD,Targets Hyderabad/Bangalore — confirm if Shero serves these cities
Review,DST - Bulk/Party,Birthday Event,catering for party Bangalore,BROAD,Targets Hyderabad/Bangalore — confirm if Shero serves these cities
Review,DST - Bulk/Party,Birthday Event,wedding caterers near me Bangalore,BROAD,Targets Hyderabad/Bangalore — confirm if Shero serves these cities
Review,DST - Bulk/Party,Birthday Event,marriage function catering Bangalore,BROAD,Targets Hyderabad/Bangalore — confirm if Shero serves these cities
Review,DST - Bulk/Party,Birthday Event,wedding biryani catering Bangalore,BROAD,Targets Hyderabad/Bangalore — confirm if Shero serves these cities
Review,DST - Bulk/Party,Birthday Event,wedding food order Bangalore,BROAD,Targets Hyderabad/Bangalore — confirm if Shero serves these cities
Review,DST - Bulk/Party,Birthday Event,wedding reception catering Bangalore,BROAD,Targets Hyderabad/Bangalore — confirm if Shero serves these cities
Review,DST - Bulk/Party,Birthday Event,wedding lunch catering Bangalore,BROAD,Targets Hyderabad/Bangalore — confirm if Shero serves these cities
Review,DST - Bulk/Party,Anniversary Event,best caterers in Bangalore,PHRASE,Targets Hyderabad/Bangalore — confirm if Shero serves these cities
Review,DST - Bulk/Party,Anniversary Event,best caterers in Hyderabad,PHRASE,Targets Hyderabad/Bangalore — confirm if Shero serves these cities
Review,DST - Bulk/Party,Anniversary Event,corporate catering Bangalore,PHRASE,Targets Hyderabad/Bangalore — confirm if Shero serves these cities
Review,DST - Bulk/Party,Anniversary Event,catering services Hyderabad,PHRASE,Targets Hyderabad/Bangalore — confirm if Shero serves these cities
Review,DST - Bulk/Party,Anniversary Event,catering service Bangalore,PHRASE,Targets Hyderabad/Bangalore — confirm if Shero serves these cities
Review,DST - Bulk/Party,Anniversary Event,wedding catering Bangalore,PHRASE,Targets Hyderabad/Bangalore — confirm if Shero serves these cities
Review,DST - Bulk/Party,Anniversary Event,birthday catering near me Bangalore,PHRASE,Targets Hyderabad/Bangalore — confirm if Shero serves these cities
Review,DST - Bulk/Party,Anniversary Event,birthday party catering Bangalore,PHRASE,Targets Hyderabad/Bangalore — confirm if Shero serves these cities
Review,DST - Bulk/Party,Anniversary Event,function catering Bangalore,PHRASE,Targets Hyderabad/Bangalore — confirm if Shero serves these cities
Review,DST - Bulk/Party,Anniversary Event,wedding reception catering Bangalore,PHRASE,Targets Hyderabad/Bangalore — confirm if Shero serves these cities
Review,DST - Bulk/Party,Anniversary Event,housewarming catering Bangalore,PHRASE,Targets Hyderabad/Bangalore — confirm if Shero serves these cities
Review,DST - Bulk/Party,Anniversary Event,best wedding caterers Bangalore,PHRASE,Targets Hyderabad/Bangalore — confirm if Shero serves these cities
Review,DST - Bulk/Party,Anniversary Event,wedding caterers near me Bangalore,PHRASE,Targets Hyderabad/Bangalore — confirm if Shero serves these cities
Review,DST - Bulk/Party,Anniversary Event,corporate party food Bangalore,PHRASE,Targets Hyderabad/Bangalore — confirm if Shero serves these cities
Review,DST - Bulk/Party,Anniversary Event,office event catering Bangalore,PHRASE,Targets Hyderabad/Bangalore — confirm if Shero serves these cities
Review,DST - Bulk/Party,Anniversary Event,birthday party catering Hyderabad,PHRASE,Targets Hyderabad/Bangalore — confirm if Shero serves these cities
Review,DST - Bulk/Party,Anniversary Event,catering near me Bangalore,PHRASE,Targets Hyderabad/Bangalore — confirm if Shero serves these cities
Review,DST - Bulk/Party,Anniversary Event,wedding catering Hyderabad,PHRASE,Targets Hyderabad/Bangalore — confirm if Shero serves these cities
Review,DST - Bulk/Party,Anniversary Event,office lunch catering Hyderabad,PHRASE,Targets Hyderabad/Bangalore — confirm if Shero serves these cities
Review,DST - Bulk/Party,Anniversary Event,veg caterers near me Bangalore,PHRASE,Targets Hyderabad/Bangalore — confirm if Shero serves these cities
Review,DST - Bulk/Party,Anniversary Event,office lunch catering Bangalore,PHRASE,Targets Hyderabad/Bangalore — confirm if Shero serves these cities
Review,DST - Bulk/Party,Anniversary Event,wedding dining Hyderabad,PHRASE,Targets Hyderabad/Bangalore — confirm if Shero serves these cities
Review,DST - Bulk/Party,Anniversary Event,birthday catering near me Hyderabad,PHRASE,Targets Hyderabad/Bangalore — confirm if Shero serves these cities
Review,DST - Bulk/Party,Anniversary Event,food for birthday party Hyderabad,PHRASE,Targets Hyderabad/Bangalore — confirm if Shero serves these cities
Review,DST - Bulk/Party,Anniversary Event,office party catering Hyderabad,PHRASE,Targets Hyderabad/Bangalore — confirm if Shero serves these cities
Review,DST - Bulk/Party,Anniversary Event,corporate party food Hyderabad,PHRASE,Targets Hyderabad/Bangalore — confirm if Shero serves these cities
Review,DST - Bulk/Party,Anniversary Event,affordable catering Hyderabad,PHRASE,Targets Hyderabad/Bangalore — confirm if Shero serves these cities
Review,DST - Bulk/Party,Anniversary Event,wedding biryani catering Hyderabad,PHRASE,Targets Hyderabad/Bangalore — confirm if Shero serves these cities
Review,DST - Bulk/Party,Anniversary Event,veg caterers near me Hyderabad,PHRASE,Targets Hyderabad/Bangalore — confirm if Shero serves these cities
Review,DST - Bulk/Party,Anniversary Event,home catering services Hyderabad,PHRASE,Targets Hyderabad/Bangalore — confirm if Shero serves these cities
Review,DST - Bulk/Party,Anniversary Event,catering for party Hyderabad,PHRASE,Targets Hyderabad/Bangalore — confirm if Shero serves these cities
Review,DST - Bulk/Party,Anniversary Event,small party caterers Hyderabad,PHRASE,Targets Hyderabad/Bangalore — confirm if Shero serves these cities
Review,DST - Bulk/Party,Anniversary Event,house warming function catering Bangalore,PHRASE,Targets Hyderabad/Bangalore — confirm if Shero serves these cities
Review,DST - Bulk/Party,Anniversary Event,best homemade food home delivery near me Hyderabad,PHRASE,Targets Hyderabad/Bangalore — confirm if Shero serves these cities
Review,DST - Bulk/Party,Anniversary Event,home catering near me Hyderabad,PHRASE,Targets Hyderabad/Bangalore — confirm if Shero serves these cities
Review,DST - Bulk/Party,Anniversary Event,birthday dinner catering Hyderabad,PHRASE,Targets Hyderabad/Bangalore — confirm if Shero serves these cities
Review,DST - Bulk/Party,Anniversary Event,catering near me Hyderabad,PHRASE,Targets Hyderabad/Bangalore — confirm if Shero serves these cities
Review,DST - Bulk/Party,Anniversary Event,best homemade food home delivery near me Bangalore,PHRASE,Targets Hyderabad/Bangalore — confirm if Shero serves these cities
Review,DST - Bulk/Party,Anniversary Event,birthday catering home delivery Bangalore,PHRASE,Targets Hyderabad/Bangalore — confirm if Shero serves these cities
Review,DST - Bulk/Party,Anniversary Event,catering for birthday party Bangalore,PHRASE,Targets Hyderabad/Bangalore — confirm if Shero serves these cities
Review,DST - Bulk/Party,Anniversary Event,office food order Bangalore,PHRASE,Targets Hyderabad/Bangalore — confirm if Shero serves these cities
Review,DST - Bulk/Party,Anniversary Event,office party catering Bangalore,PHRASE,Targets Hyderabad/Bangalore — confirm if Shero serves these cities
Review,DST - Bulk/Party,Anniversary Event,snacks for office event Bangalore,PHRASE,Targets Hyderabad/Bangalore — confirm if Shero serves these cities
Review,DST - Bulk/Party,Anniversary Event,bulk food order for office Bangalore,PHRASE,Targets Hyderabad/Bangalore — confirm if Shero serves these cities
Review,DST - Bulk/Party,Anniversary Event,anniversary party catering Bangalore,PHRASE,Targets Hyderabad/Bangalore — confirm if Shero serves these cities
Review,DST - Bulk/Party,Anniversary Event,food for anniversary party Bangalore,PHRASE,Targets Hyderabad/Bangalore — confirm if Shero serves these cities
Review,DST - Bulk/Party,Anniversary Event,food for wedding anniversary Bangalore,PHRASE,Targets Hyderabad/Bangalore — confirm if Shero serves these cities
Review,DST - Bulk/Party,Anniversary Event,anniversary celebration food Bangalore,PHRASE,Targets Hyderabad/Bangalore — confirm if Shero serves these cities
Review,DST - Bulk/Party,Anniversary Event,housewarming food order Bangalore,PHRASE,Targets Hyderabad/Bangalore — confirm if Shero serves these cities
Review,DST - Bulk/Party,Anniversary Event,griha pravesh catering Bangalore,PHRASE,Targets Hyderabad/Bangalore — confirm if Shero serves these cities
Review,DST - Bulk/Party,Anniversary Event,housewarming party catering Bangalore,PHRASE,Targets Hyderabad/Bangalore — confirm if Shero serves these cities
Review,DST - Bulk/Party,Anniversary Event,new home celebration food Bangalore,PHRASE,Targets Hyderabad/Bangalore — confirm if Shero serves these cities
Review,DST - Bulk/Party,Anniversary Event,anniversary dinner catering Bangalore,PHRASE,Targets Hyderabad/Bangalore — confirm if Shero serves these cities
Review,DST - Bulk/Party,Anniversary Event,home cooked food for party Bangalore,PHRASE,Targets Hyderabad/Bangalore — confirm if Shero serves these cities
Review,DST - Bulk/Party,Anniversary Event,homemade food delivery for party Bangalore,PHRASE,Targets Hyderabad/Bangalore — confirm if Shero serves these cities
Review,DST - Bulk/Party,Anniversary Event,home style food for get together Bangalore,PHRASE,Targets Hyderabad/Bangalore — confirm if Shero serves these cities
Review,DST - Bulk/Party,Anniversary Event,homemade party food near me Bangalore,PHRASE,Targets Hyderabad/Bangalore — confirm if Shero serves these cities
Review,DST - Bulk/Party,Anniversary Event,birthday party catering services Bangalore,PHRASE,Targets Hyderabad/Bangalore — confirm if Shero serves these cities
Review,DST - Bulk/Party,Anniversary Event,wedding caterers near me Hyderabad,PHRASE,Targets Hyderabad/Bangalore — confirm if Shero serves these cities
Review,DST - Bulk/Party,Anniversary Event,marriage function catering Hyderabad,PHRASE,Targets Hyderabad/Bangalore — confirm if Shero serves these cities
Review,DST - Bulk/Party,Anniversary Event,wedding food order Hyderabad,PHRASE,Targets Hyderabad/Bangalore — confirm if Shero serves these cities
Review,DST - Bulk/Party,Anniversary Event,birthday party food order Hyderabad,PHRASE,Targets Hyderabad/Bangalore — confirm if Shero serves these cities
Review,DST - Bulk/Party,Anniversary Event,birthday catering home delivery Hyderabad,PHRASE,Targets Hyderabad/Bangalore — confirm if Shero serves these cities
Review,DST - Bulk/Party,Anniversary Event,birthday lunch catering Hyderabad,PHRASE,Targets Hyderabad/Bangalore — confirm if Shero serves these cities
Review,DST - Bulk/Party,Anniversary Event,catering for birthday party Hyderabad,PHRASE,Targets Hyderabad/Bangalore — confirm if Shero serves these cities
Review,DST - Bulk/Party,Anniversary Event,birthday party catering services Hyderabad,PHRASE,Targets Hyderabad/Bangalore — confirm if Shero serves these cities
Review,DST - Bulk/Party,Anniversary Event,corporate catering Hyderabad,PHRASE,Targets Hyderabad/Bangalore — confirm if Shero serves these cities
Review,DST - Bulk/Party,Anniversary Event,office food order Hyderabad,PHRASE,Targets Hyderabad/Bangalore — confirm if Shero serves these cities
Review,DST - Bulk/Party,Anniversary Event,office event catering Hyderabad,PHRASE,Targets Hyderabad/Bangalore — confirm if Shero serves these cities
Review,DST - Bulk/Party,Anniversary Event,bulk food order for office Hyderabad,PHRASE,Targets Hyderabad/Bangalore — confirm if Shero serves these cities
Review,DST - Bulk/Party,Anniversary Event,wedding reception catering Hyderabad,PHRASE,Targets Hyderabad/Bangalore — confirm if Shero serves these cities
Review,DST - Bulk/Party,Anniversary Event,wedding lunch catering Hyderabad,PHRASE,Targets Hyderabad/Bangalore — confirm if Shero serves these cities
Review,DST - Bulk/Party,Anniversary Event,best wedding caterers Hyderabad,PHRASE,Targets Hyderabad/Bangalore — confirm if Shero serves these cities
Review,DST - Bulk/Party,Anniversary Event,home food order for birthday Bangalore,PHRASE,Targets Hyderabad/Bangalore — confirm if Shero serves these cities
Review,DST - Bulk/Party,Anniversary Event,function catering Hyderabad,PHRASE,Targets Hyderabad/Bangalore — confirm if Shero serves these cities
Review,DST - Bulk/Party,Anniversary Event,homemade food delivery for party Hyderabad,PHRASE,Targets Hyderabad/Bangalore — confirm if Shero serves these cities
Review,DST - Bulk/Party,Anniversary Event,home style food for get together Hyderabad,PHRASE,Targets Hyderabad/Bangalore — confirm if Shero serves these cities
Review,DST - Bulk/Party,Anniversary Event,home food order for birthday Hyderabad,PHRASE,Targets Hyderabad/Bangalore — confirm if Shero serves these cities
Review,DST - Bulk/Party,Anniversary Event,homemade party food near me Hyderabad,PHRASE,Targets Hyderabad/Bangalore — confirm if Shero serves these cities
Review,DST - Bulk/Party,Anniversary Event,home cooked food for party Hyderabad,PHRASE,Targets Hyderabad/Bangalore — confirm if Shero serves these cities
Review,DST - Bulk/Party,Anniversary Event,home cooked food for function Hyderabad,PHRASE,Targets Hyderabad/Bangalore — confirm if Shero serves these cities
Review,DST - Bulk/Party,Anniversary Event,home cooked food for function Bangalore,PHRASE,Targets Hyderabad/Bangalore — confirm if Shero serves these cities
Review,DST - Bulk/Party,Anniversary Event,home catering near me Bangalore,PHRASE,Targets Hyderabad/Bangalore — confirm if Shero serves these cities
Review,DST - Bulk/Party,Anniversary Event,home catering services Bangalore,PHRASE,Targets Hyderabad/Bangalore — confirm if Shero serves these cities
Review,DST - Bulk/Party,Anniversary Event,catering for party Bangalore,PHRASE,Targets Hyderabad/Bangalore — confirm if Shero serves these cities
Review,DST - Bulk/Party,Anniversary Event,affordable catering Bangalore,PHRASE,Targets Hyderabad/Bangalore — confirm if Shero serves these cities
Review,DST - Bulk/Party,Anniversary Event,wedding biryani catering Bangalore,PHRASE,Targets Hyderabad/Bangalore — confirm if Shero serves these cities
Review,DST - Bulk/Party,Anniversary Event,marriage function catering Bangalore,PHRASE,Targets Hyderabad/Bangalore — confirm if Shero serves these cities
Review,DST - Bulk/Party,Anniversary Event,wedding food order Bangalore,PHRASE,Targets Hyderabad/Bangalore — confirm if Shero serves these cities
Review,DST - Bulk/Party,Anniversary Event,wedding lunch catering Bangalore,PHRASE,Targets Hyderabad/Bangalore — confirm if Shero serves these cities
Review,DST - Bulk/Party,Anniversary Event,wedding and catering services Bangalore,PHRASE,Targets Hyderabad/Bangalore — confirm if Shero serves these cities
Review,DST - Bulk/Party,Anniversary Event,food for birthday party Bangalore,PHRASE,Targets Hyderabad/Bangalore — confirm if Shero serves these cities
Review,DST - Bulk/Party,Anniversary Event,birthday dinner catering Bangalore,PHRASE,Targets Hyderabad/Bangalore — confirm if Shero serves these cities
Review,DST - Bulk/Party,Anniversary Event,birthday party food order Bangalore,PHRASE,Targets Hyderabad/Bangalore — confirm if Shero serves these cities
Review,DST - Bulk/Party,Anniversary Event,birthday lunch catering Bangalore,PHRASE,Targets Hyderabad/Bangalore — confirm if Shero serves these cities
Review,DST - Bulk/Party,Anniversary Event,snacks for office event Hyderabad,PHRASE,Targets Hyderabad/Bangalore — confirm if Shero serves these cities
Review,DST - Bulk/Party,Home Party,best caterers in Bangalore,BROAD,Targets Hyderabad/Bangalore — confirm if Shero serves these cities
Review,DST - Bulk/Party,Home Party,best caterers in Hyderabad,BROAD,Targets Hyderabad/Bangalore — confirm if Shero serves these cities
Review,DST - Bulk/Party,Home Party,corporate catering Bangalore,BROAD,Targets Hyderabad/Bangalore — confirm if Shero serves these cities
Review,DST - Bulk/Party,Home Party,wedding catering Bangalore,BROAD,Targets Hyderabad/Bangalore — confirm if Shero serves these cities
Review,DST - Bulk/Party,Home Party,catering services Hyderabad,BROAD,Targets Hyderabad/Bangalore — confirm if Shero serves these cities
Review,DST - Bulk/Party,Home Party,catering service Bangalore,BROAD,Targets Hyderabad/Bangalore — confirm if Shero serves these cities
Review,DST - Bulk/Party,Home Party,best wedding caterers Hyderabad,BROAD,Targets Hyderabad/Bangalore — confirm if Shero serves these cities
Review,DST - Bulk/Party,Home Party,corporate catering Hyderabad,BROAD,Targets Hyderabad/Bangalore — confirm if Shero serves these cities
Review,DST - Bulk/Party,Home Party,affordable catering Bangalore,BROAD,Targets Hyderabad/Bangalore — confirm if Shero serves these cities
Review,DST - Bulk/Party,Home Party,function catering Bangalore,BROAD,Targets Hyderabad/Bangalore — confirm if Shero serves these cities
Review,DST - Bulk/Party,Home Party,housewarming catering Bangalore,BROAD,Targets Hyderabad/Bangalore — confirm if Shero serves these cities
Review,DST - Bulk/Party,Home Party,office party catering Bangalore,BROAD,Targets Hyderabad/Bangalore — confirm if Shero serves these cities
Review,DST - Bulk/Party,Home Party,catering near me Bangalore,BROAD,Targets Hyderabad/Bangalore — confirm if Shero serves these cities
Review,DST - Bulk/Party,Home Party,birthday party catering Hyderabad,BROAD,Targets Hyderabad/Bangalore — confirm if Shero serves these cities
Review,DST - Bulk/Party,Home Party,catering for birthday party Bangalore,BROAD,Targets Hyderabad/Bangalore — confirm if Shero serves these cities
Review,DST - Bulk/Party,Home Party,office lunch catering Bangalore,BROAD,Targets Hyderabad/Bangalore — confirm if Shero serves these cities
Review,DST - Bulk/Party,Home Party,wedding catering Hyderabad,BROAD,Targets Hyderabad/Bangalore — confirm if Shero serves these cities
Review,DST - Bulk/Party,Home Party,home catering services Hyderabad,BROAD,Targets Hyderabad/Bangalore — confirm if Shero serves these cities
Review,DST - Bulk/Party,Home Party,affordable catering Hyderabad,BROAD,Targets Hyderabad/Bangalore — confirm if Shero serves these cities
Review,DST - Bulk/Party,Home Party,catering for birthday party Hyderabad,BROAD,Targets Hyderabad/Bangalore — confirm if Shero serves these cities
Review,DST - Bulk/Party,Home Party,best wedding caterers Bangalore,BROAD,Targets Hyderabad/Bangalore — confirm if Shero serves these cities
Review,DST - Bulk/Party,Home Party,wedding and catering services Bangalore,BROAD,Targets Hyderabad/Bangalore — confirm if Shero serves these cities
Review,DST - Bulk/Party,Home Party,birthday catering near me Bangalore,BROAD,Targets Hyderabad/Bangalore — confirm if Shero serves these cities
Review,DST - Bulk/Party,Home Party,food for birthday party Bangalore,BROAD,Targets Hyderabad/Bangalore — confirm if Shero serves these cities
Review,DST - Bulk/Party,Home Party,birthday party food order Bangalore,BROAD,Targets Hyderabad/Bangalore — confirm if Shero serves these cities
Review,DST - Bulk/Party,Home Party,birthday catering home delivery Bangalore,BROAD,Targets Hyderabad/Bangalore — confirm if Shero serves these cities
Review,DST - Bulk/Party,Home Party,birthday party catering services Bangalore,BROAD,Targets Hyderabad/Bangalore — confirm if Shero serves these cities
Review,DST - Bulk/Party,Home Party,corporate party food Bangalore,BROAD,Targets Hyderabad/Bangalore — confirm if Shero serves these cities
Review,DST - Bulk/Party,Home Party,snacks for office event Bangalore,BROAD,Targets Hyderabad/Bangalore — confirm if Shero serves these cities
Review,DST - Bulk/Party,Home Party,office food order Bangalore,BROAD,Targets Hyderabad/Bangalore — confirm if Shero serves these cities
Review,DST - Bulk/Party,Home Party,office event catering Bangalore,BROAD,Targets Hyderabad/Bangalore — confirm if Shero serves these cities
Review,DST - Bulk/Party,Home Party,birthday lunch catering Bangalore,BROAD,Targets Hyderabad/Bangalore — confirm if Shero serves these cities
Review,DST - Bulk/Party,Home Party,griha pravesh catering Bangalore,BROAD,Targets Hyderabad/Bangalore — confirm if Shero serves these cities
Review,DST - Bulk/Party,Home Party,housewarming party catering Bangalore,BROAD,Targets Hyderabad/Bangalore — confirm if Shero serves these cities
Review,DST - Bulk/Party,Home Party,new home celebration food Bangalore,BROAD,Targets Hyderabad/Bangalore — confirm if Shero serves these cities
Review,DST - Bulk/Party,Home Party,house warming function catering Bangalore,BROAD,Targets Hyderabad/Bangalore — confirm if Shero serves these cities
Review,DST - Bulk/Party,Home Party,food for anniversary party Bangalore,BROAD,Targets Hyderabad/Bangalore — confirm if Shero serves these cities
Review,DST - Bulk/Party,Home Party,anniversary dinner catering Bangalore,BROAD,Targets Hyderabad/Bangalore — confirm if Shero serves these cities
Review,DST - Bulk/Party,Home Party,food for wedding anniversary Bangalore,BROAD,Targets Hyderabad/Bangalore — confirm if Shero serves these cities
Review,DST - Bulk/Party,Home Party,anniversary celebration food Bangalore,BROAD,Targets Hyderabad/Bangalore — confirm if Shero serves these cities
Review,DST - Bulk/Party,Home Party,housewarming food order Bangalore,BROAD,Targets Hyderabad/Bangalore — confirm if Shero serves these cities
Review,DST - Bulk/Party,Home Party,best homemade food home delivery near me Hyderabad,BROAD,Targets Hyderabad/Bangalore — confirm if Shero serves these cities
Review,DST - Bulk/Party,Home Party,home cooked food for party Hyderabad,BROAD,Targets Hyderabad/Bangalore — confirm if Shero serves these cities
Review,DST - Bulk/Party,Home Party,homemade food delivery for party Hyderabad,BROAD,Targets Hyderabad/Bangalore — confirm if Shero serves these cities
Review,DST - Bulk/Party,Home Party,home style food for get together Hyderabad,BROAD,Targets Hyderabad/Bangalore — confirm if Shero serves these cities
Review,DST - Bulk/Party,Home Party,home food order for birthday Hyderabad,BROAD,Targets Hyderabad/Bangalore — confirm if Shero serves these cities
Review,DST - Bulk/Party,Home Party,homemade party food near me Hyderabad,BROAD,Targets Hyderabad/Bangalore — confirm if Shero serves these cities
Review,DST - Bulk/Party,Home Party,home cooked food for function Hyderabad,BROAD,Targets Hyderabad/Bangalore — confirm if Shero serves these cities
Review,DST - Bulk/Party,Home Party,catering near me Hyderabad,BROAD,Targets Hyderabad/Bangalore — confirm if Shero serves these cities
Review,DST - Bulk/Party,Home Party,home catering near me Hyderabad,BROAD,Targets Hyderabad/Bangalore — confirm if Shero serves these cities
Review,DST - Bulk/Party,Home Party,veg caterers near me Hyderabad,BROAD,Targets Hyderabad/Bangalore — confirm if Shero serves these cities
Review,DST - Bulk/Party,Home Party,catering for party Hyderabad,BROAD,Targets Hyderabad/Bangalore — confirm if Shero serves these cities
Review,DST - Bulk/Party,Home Party,small party caterers Hyderabad,BROAD,Targets Hyderabad/Bangalore — confirm if Shero serves these cities
Review,DST - Bulk/Party,Home Party,wedding caterers near me Hyderabad,BROAD,Targets Hyderabad/Bangalore — confirm if Shero serves these cities
Review,DST - Bulk/Party,Home Party,wedding biryani catering Hyderabad,BROAD,Targets Hyderabad/Bangalore — confirm if Shero serves these cities
Review,DST - Bulk/Party,Home Party,marriage function catering Hyderabad,BROAD,Targets Hyderabad/Bangalore — confirm if Shero serves these cities
Review,DST - Bulk/Party,Home Party,wedding food order Hyderabad,BROAD,Targets Hyderabad/Bangalore — confirm if Shero serves these cities
Review,DST - Bulk/Party,Home Party,wedding reception catering Hyderabad,BROAD,Targets Hyderabad/Bangalore — confirm if Shero serves these cities
Review,DST - Bulk/Party,Home Party,wedding lunch catering Hyderabad,BROAD,Targets Hyderabad/Bangalore — confirm if Shero serves these cities
Review,DST - Bulk/Party,Home Party,function catering Hyderabad,BROAD,Targets Hyderabad/Bangalore — confirm if Shero serves these cities
Review,DST - Bulk/Party,Home Party,birthday catering near me Hyderabad,BROAD,Targets Hyderabad/Bangalore — confirm if Shero serves these cities
Review,DST - Bulk/Party,Home Party,food for birthday party Hyderabad,BROAD,Targets Hyderabad/Bangalore — confirm if Shero serves these cities
Review,DST - Bulk/Party,Home Party,birthday dinner catering Hyderabad,BROAD,Targets Hyderabad/Bangalore — confirm if Shero serves these cities
Review,DST - Bulk/Party,Home Party,birthday party food order Hyderabad,BROAD,Targets Hyderabad/Bangalore — confirm if Shero serves these cities
Review,DST - Bulk/Party,Home Party,birthday lunch catering Hyderabad,BROAD,Targets Hyderabad/Bangalore — confirm if Shero serves these cities
Review,DST - Bulk/Party,Home Party,birthday catering home delivery Hyderabad,BROAD,Targets Hyderabad/Bangalore — confirm if Shero serves these cities
Review,DST - Bulk/Party,Home Party,birthday party catering services Hyderabad,BROAD,Targets Hyderabad/Bangalore — confirm if Shero serves these cities
Review,DST - Bulk/Party,Home Party,office party catering Hyderabad,BROAD,Targets Hyderabad/Bangalore — confirm if Shero serves these cities
Review,DST - Bulk/Party,Home Party,corporate party food Hyderabad,BROAD,Targets Hyderabad/Bangalore — confirm if Shero serves these cities
Review,DST - Bulk/Party,Home Party,snacks for office event Hyderabad,BROAD,Targets Hyderabad/Bangalore — confirm if Shero serves these cities
Review,DST - Bulk/Party,Home Party,office lunch catering Hyderabad,BROAD,Targets Hyderabad/Bangalore — confirm if Shero serves these cities
Review,DST - Bulk/Party,Home Party,office food order Hyderabad,BROAD,Targets Hyderabad/Bangalore — confirm if Shero serves these cities
Review,DST - Bulk/Party,Home Party,office event catering Hyderabad,BROAD,Targets Hyderabad/Bangalore — confirm if Shero serves these cities
Review,DST - Bulk/Party,Home Party,bulk food order for office Hyderabad,BROAD,Targets Hyderabad/Bangalore — confirm if Shero serves these cities
Review,DST - Bulk/Party,Home Party,wedding dining Hyderabad,BROAD,Targets Hyderabad/Bangalore — confirm if Shero serves these cities
Review,DST - Bulk/Party,Home Party,anniversary party catering Bangalore,BROAD,Targets Hyderabad/Bangalore — confirm if Shero serves these cities
Review,DST - Bulk/Party,Home Party,bulk food order for office Bangalore,BROAD,Targets Hyderabad/Bangalore — confirm if Shero serves these cities
Review,DST - Bulk/Party,Home Party,best homemade food home delivery near me Bangalore,BROAD,Targets Hyderabad/Bangalore — confirm if Shero serves these cities
Review,DST - Bulk/Party,Home Party,homemade food delivery for party Bangalore,BROAD,Targets Hyderabad/Bangalore — confirm if Shero serves these cities
Review,DST - Bulk/Party,Home Party,home style food for get together Bangalore,BROAD,Targets Hyderabad/Bangalore — confirm if Shero serves these cities
Review,DST - Bulk/Party,Home Party,home food order for birthday Bangalore,BROAD,Targets Hyderabad/Bangalore — confirm if Shero serves these cities
Review,DST - Bulk/Party,Home Party,homemade party food near me Bangalore,BROAD,Targets Hyderabad/Bangalore — confirm if Shero serves these cities
Review,DST - Bulk/Party,Home Party,home cooked food for party Bangalore,BROAD,Targets Hyderabad/Bangalore — confirm if Shero serves these cities
Review,DST - Bulk/Party,Home Party,birthday dinner catering Bangalore,BROAD,Targets Hyderabad/Bangalore — confirm if Shero serves these cities
Review,DST - Bulk/Party,Home Party,home cooked food for function Bangalore,BROAD,Targets Hyderabad/Bangalore — confirm if Shero serves these cities
Review,DST - Bulk/Party,Home Party,home catering near me Bangalore,BROAD,Targets Hyderabad/Bangalore — confirm if Shero serves these cities
Review,DST - Bulk/Party,Home Party,veg caterers near me Bangalore,BROAD,Targets Hyderabad/Bangalore — confirm if Shero serves these cities
Review,DST - Bulk/Party,Home Party,home catering services Bangalore,BROAD,Targets Hyderabad/Bangalore — confirm if Shero serves these cities
Review,DST - Bulk/Party,Home Party,catering for party Bangalore,BROAD,Targets Hyderabad/Bangalore — confirm if Shero serves these cities
Review,DST - Bulk/Party,Home Party,wedding caterers near me Bangalore,BROAD,Targets Hyderabad/Bangalore — confirm if Shero serves these cities
Review,DST - Bulk/Party,Home Party,marriage function catering Bangalore,BROAD,Targets Hyderabad/Bangalore — confirm if Shero serves these cities
Review,DST - Bulk/Party,Home Party,wedding biryani catering Bangalore,BROAD,Targets Hyderabad/Bangalore — confirm if Shero serves these cities
Review,DST - Bulk/Party,Home Party,wedding food order Bangalore,BROAD,Targets Hyderabad/Bangalore — confirm if Shero serves these cities
Review,DST - Bulk/Party,Home Party,wedding reception catering Bangalore,BROAD,Targets Hyderabad/Bangalore — confirm if Shero serves these cities
Review,DST - Bulk/Party,Home Party,wedding lunch catering Bangalore,BROAD,Targets Hyderabad/Bangalore — confirm if Shero serves these cities
